num_retained,cohort_month,cohort_index
885,2010-12-01,0
324,2010-12-01,1
286,2010-12-01,2
340,2010-12-01,3
321,2010-12-01,4
352,2010-12-01,5
321,2010-12-01,6
309,2010-12-01,7
313,2010-12-01,8
350,2010-12-01,9
331,2010-12-01,10
445,2010-12-01,11
235,2010-12-01,12
417,2011-01-01,0
92,2011-01-01,1
111,2011-01-01,2
96,2011-01-01,3
134,2011-01-01,4
120,2011-01-01,5
103,2011-01-01,6
101,2011-01-01,7
125,2011-01-01,8
136,2011-01-01,9
152,2011-01-01,10
49,2011-01-01,11
380,2011-02-01,0
71,2011-02-01,1
71,2011-02-01,2
108,2011-02-01,3
103,2011-02-01,4
94,2011-02-01,5
96,2011-02-01,6
106,2011-02-01,7
94,2011-02-01,8
116,2011-02-01,9
26,2011-02-01,10
452,2011-03-01,0
68,2011-03-01,1
114,2011-03-01,2
90,2011-03-01,3
101,2011-03-01,4
76,2011-03-01,5
121,2011-03-01,6
104,2011-03-01,7
126,2011-03-01,8
39,2011-03-01,9
300,2011-04-01,0
64,2011-04-01,1
61,2011-04-01,2
63,2011-04-01,3
59,2011-04-01,4
68,2011-04-01,5
65,2011-04-01,6
78,2011-04-01,7
22,2011-04-01,8
284,2011-05-01,0
54,2011-05-01,1
49,2011-05-01,2
49,2011-05-01,3
59,2011-05-01,4
66,2011-05-01,5
75,2011-05-01,6
27,2011-05-01,7
242,2011-06-01,0
42,2011-06-01,1
38,2011-06-01,2
64,2011-06-01,3
56,2011-06-01,4
81,2011-06-01,5
23,2011-06-01,6
188,2011-07-01,0
34,2011-07-01,1
39,2011-07-01,2
42,2011-07-01,3
51,2011-07-01,4
21,2011-07-01,5
169,2011-08-01,0
35,2011-08-01,1
42,2011-08-01,2
41,2011-08-01,3
21,2011-08-01,4
299,2011-09-01,0
70,2011-09-01,1
90,2011-09-01,2
34,2011-09-01,3
358,2011-10-01,0
86,2011-10-01,1
41,2011-10-01,2
323,2011-11-01,0
36,2011-11-01,1
41,2011-12-01,0
