CustomerID,cohort_month
12346,2011-01-01
12347,2010-12-01
12348,2010-12-01
12349,2011-11-01
12350,2011-02-01
12352,2011-02-01
12353,2011-05-01
12354,2011-04-01
12355,2011-05-01
12356,2011-01-01
12357,2011-11-01
12358,2011-07-01
12359,2011-01-01
12360,2011-05-01
12361,2011-02-01
12362,2011-02-01
12363,2011-04-01
12364,2011-08-01
12365,2011-02-01
12367,2011-12-01
12370,2010-12-01
12371,2011-10-01
12372,2011-02-01
12373,2011-02-01
12374,2011-11-01
12375,2011-09-01
12377,2010-12-01
12378,2011-08-01
12379,2011-06-01
12380,2011-06-01
12381,2011-08-01
12383,2010-12-01
12384,2011-08-01
12386,2010-12-01
12388,2011-01-01
12390,2011-09-01
12391,2011-11-01
12393,2011-01-01
12394,2011-05-01
12395,2010-12-01
12397,2011-07-01
12398,2011-10-01
12399,2011-03-01
12401,2011-02-01
12402,2011-01-01
12403,2011-10-01
12405,2011-07-01
12406,2011-06-01
12407,2011-03-01
12408,2011-03-01
12409,2011-06-01
12410,2011-02-01
12412,2011-06-01
12413,2011-01-01
12414,2011-02-01
12415,2011-01-01
12417,2010-12-01
12418,2011-08-01
12420,2011-10-01
12421,2011-01-01
12422,2011-01-01
12423,2010-12-01
12424,2011-06-01
12425,2011-09-01
12426,2011-05-01
12427,2010-12-01
12428,2011-03-01
12429,2010-12-01
12430,2011-10-01
12431,2010-12-01
12432,2011-06-01
12433,2010-12-01
12434,2011-03-01
12435,2011-03-01
12436,2011-09-01
12437,2011-01-01
12438,2011-07-01
12441,2010-12-01
12442,2011-12-01
12444,2011-06-01
12445,2011-11-01
12446,2011-10-01
12447,2011-04-01
12448,2011-10-01
12449,2011-06-01
12450,2011-06-01
12451,2011-01-01
12452,2011-11-01
12453,2011-07-01
12454,2011-10-01
12455,2011-02-01
12456,2011-03-01
12457,2011-04-01
12458,2011-02-01
12461,2011-07-01
12462,2011-02-01
12463,2011-04-01
12464,2011-02-01
12465,2011-06-01
12468,2011-01-01
12471,2010-12-01
12472,2010-12-01
12473,2011-06-01
12474,2011-01-01
12475,2011-10-01
12476,2010-12-01
12477,2011-02-01
12478,2011-12-01
12479,2011-11-01
12480,2011-01-01
12481,2010-12-01
12483,2011-01-01
12484,2011-01-01
12488,2011-09-01
12489,2011-01-01
12490,2011-01-01
12491,2011-11-01
12492,2011-08-01
12493,2011-05-01
12494,2010-12-01
12497,2011-09-01
12498,2011-10-01
12500,2011-01-01
12501,2011-01-01
12502,2011-02-01
12504,2011-11-01
12506,2011-04-01
12507,2011-02-01
12508,2011-11-01
12509,2011-02-01
12510,2011-01-01
12512,2011-10-01
12513,2011-08-01
12514,2011-03-01
12515,2010-12-01
12516,2011-06-01
12517,2011-06-01
12518,2011-08-01
12519,2011-10-01
12520,2011-03-01
12521,2011-07-01
12522,2011-10-01
12523,2011-01-01
12524,2011-01-01
12526,2011-09-01
12527,2011-01-01
12528,2011-01-01
12530,2011-01-01
12531,2011-11-01
12532,2011-11-01
12534,2011-08-01
12535,2011-06-01
12536,2011-10-01
12538,2011-11-01
12539,2011-01-01
12540,2010-12-01
12541,2011-03-01
12544,2011-11-01
12545,2011-03-01
12546,2011-09-01
12547,2011-03-01
12548,2011-06-01
12550,2011-09-01
12551,2010-12-01
12552,2011-10-01
12553,2011-01-01
12556,2011-07-01
12557,2010-12-01
12558,2011-12-01
12559,2011-01-01
12560,2011-07-01
12561,2011-02-01
12562,2011-05-01
12564,2011-03-01
12565,2011-02-01
12566,2011-09-01
12567,2010-12-01
12569,2011-04-01
12571,2011-08-01
12572,2011-10-01
12573,2011-04-01
12574,2011-01-01
12576,2011-02-01
12577,2010-12-01
12578,2011-01-01
12579,2011-09-01
12580,2011-04-01
12581,2011-10-01
12582,2011-02-01
12583,2010-12-01
12584,2011-03-01
12585,2010-12-01
12586,2011-11-01
12587,2011-12-01
12588,2011-10-01
12589,2011-07-01
12590,2011-05-01
12591,2011-01-01
12592,2011-05-01
12593,2011-05-01
12594,2011-01-01
12596,2011-04-01
12597,2011-03-01
12598,2011-02-01
12599,2011-02-01
12600,2010-12-01
12601,2011-01-01
12602,2011-10-01
12603,2011-11-01
12604,2011-03-01
12607,2011-10-01
12609,2011-01-01
12610,2011-08-01
12611,2011-10-01
12612,2011-09-01
12613,2011-03-01
12614,2011-03-01
12615,2011-06-01
12616,2011-02-01
12617,2011-11-01
12618,2011-11-01
12619,2011-03-01
12620,2011-05-01
12621,2010-12-01
12622,2011-04-01
12623,2011-03-01
12624,2011-06-01
12625,2011-01-01
12626,2011-01-01
12627,2011-07-01
12628,2011-10-01
12630,2011-10-01
12631,2011-10-01
12633,2011-02-01
12635,2011-07-01
12637,2011-01-01
12638,2011-11-01
12639,2011-04-01
12640,2011-09-01
12641,2011-08-01
12642,2011-08-01
12643,2011-01-01
12644,2011-08-01
12645,2011-01-01
12646,2011-10-01
12647,2010-12-01
12648,2011-07-01
12649,2011-05-01
12650,2011-12-01
12651,2011-01-01
12652,2011-01-01
12653,2011-02-01
12654,2011-02-01
12656,2011-04-01
12657,2011-09-01
12658,2011-11-01
12659,2011-11-01
12660,2011-11-01
12662,2010-12-01
12664,2011-01-01
12665,2011-01-01
12667,2011-10-01
12668,2010-12-01
12669,2011-03-01
12670,2011-04-01
12672,2011-01-01
12673,2011-01-01
12674,2011-05-01
12676,2011-02-01
12678,2010-12-01
12679,2011-03-01
12680,2011-08-01
12681,2010-12-01
12682,2010-12-01
12683,2010-12-01
12684,2011-05-01
12685,2011-09-01
12686,2010-12-01
12688,2011-08-01
12689,2011-08-01
12690,2011-05-01
12691,2010-12-01
12693,2011-01-01
12694,2011-06-01
12695,2011-05-01
12697,2011-06-01
12700,2011-05-01
12701,2011-04-01
12702,2011-11-01
12703,2011-09-01
12704,2011-06-01
12705,2010-12-01
12707,2011-02-01
12708,2010-12-01
12709,2010-12-01
12710,2011-05-01
12712,2010-12-01
12713,2011-12-01
12714,2011-02-01
12715,2011-08-01
12716,2011-07-01
12717,2011-04-01
12718,2011-09-01
12719,2011-10-01
12720,2010-12-01
12721,2010-12-01
12722,2011-07-01
12723,2011-10-01
12724,2011-01-01
12725,2010-12-01
12726,2010-12-01
12727,2011-01-01
12728,2011-01-01
12729,2011-08-01
12731,2010-12-01
12732,2011-06-01
12733,2011-04-01
12734,2010-12-01
12735,2011-01-01
12736,2011-01-01
12738,2010-12-01
12739,2011-09-01
12740,2011-10-01
12743,2011-07-01
12744,2011-01-01
12747,2010-12-01
12748,2010-12-01
12749,2011-05-01
12750,2011-08-01
12752,2011-09-01
12753,2010-12-01
12754,2011-02-01
12755,2010-12-01
12756,2011-09-01
12757,2011-05-01
12758,2011-03-01
12759,2011-03-01
12762,2011-11-01
12763,2010-12-01
12764,2011-01-01
12766,2010-12-01
12769,2011-04-01
12770,2011-05-01
12772,2011-10-01
12775,2011-02-01
12778,2011-01-01
12779,2010-12-01
12781,2011-02-01
12782,2010-12-01
12783,2011-09-01
12784,2011-11-01
12785,2010-12-01
12787,2011-05-01
12789,2011-10-01
12790,2011-05-01
12791,2010-12-01
12792,2011-03-01
12793,2010-12-01
12794,2011-09-01
12795,2011-11-01
12797,2010-12-01
12798,2011-06-01
12802,2011-06-01
12808,2010-12-01
12809,2011-06-01
12811,2011-02-01
12812,2011-10-01
12814,2011-08-01
12815,2011-05-01
12816,2011-06-01
12817,2011-03-01
12818,2011-03-01
12820,2011-01-01
12821,2011-05-01
12822,2011-09-01
12823,2011-02-01
12824,2011-10-01
12826,2010-12-01
12827,2011-10-01
12828,2011-08-01
12829,2010-12-01
12830,2011-06-01
12831,2011-03-01
12832,2011-09-01
12833,2011-07-01
12834,2011-03-01
12836,2011-02-01
12837,2011-06-01
12838,2010-12-01
12839,2010-12-01
12840,2011-04-01
12841,2010-12-01
12842,2011-02-01
12843,2011-03-01
12844,2011-08-01
12845,2011-02-01
12847,2011-11-01
12849,2011-03-01
12851,2011-09-01
12852,2011-02-01
12853,2011-01-01
12854,2011-01-01
12855,2010-12-01
12856,2011-10-01
12857,2011-02-01
12863,2011-10-01
12864,2011-07-01
12865,2011-08-01
12866,2011-03-01
12867,2010-12-01
12868,2010-12-01
12871,2011-05-01
12872,2010-12-01
12873,2011-03-01
12875,2010-12-01
12876,2011-05-01
12877,2010-12-01
12878,2011-03-01
12879,2011-09-01
12881,2011-03-01
12882,2011-11-01
12883,2011-09-01
12884,2011-09-01
12885,2011-08-01
12886,2011-05-01
12888,2011-03-01
12890,2011-11-01
12891,2011-02-01
12893,2011-11-01
12895,2011-09-01
12897,2011-02-01
12901,2011-03-01
12902,2011-03-01
12904,2011-06-01
12906,2011-09-01
12908,2011-01-01
12909,2011-03-01
12910,2011-04-01
12912,2011-10-01
12913,2010-12-01
12915,2010-12-01
12916,2011-01-01
12917,2011-08-01
12919,2011-06-01
12920,2011-11-01
12921,2010-12-01
12922,2011-07-01
12923,2011-10-01
12924,2011-01-01
12925,2011-09-01
12928,2010-12-01
12929,2011-02-01
12930,2011-06-01
12931,2010-12-01
12933,2011-03-01
12935,2011-01-01
12936,2011-09-01
12937,2011-03-01
12938,2011-11-01
12939,2011-01-01
12940,2011-09-01
12942,2010-12-01
12944,2010-12-01
12945,2011-02-01
12947,2010-12-01
12948,2011-03-01
12949,2011-04-01
12950,2011-11-01
12951,2011-01-01
12952,2011-09-01
12953,2011-11-01
12955,2011-03-01
12956,2011-02-01
12957,2011-01-01
12962,2011-08-01
12963,2010-12-01
12965,2011-09-01
12966,2011-11-01
12967,2010-12-01
12968,2011-08-01
12970,2011-01-01
12971,2010-12-01
12974,2011-05-01
12976,2011-05-01
12977,2011-07-01
12980,2010-12-01
12981,2011-07-01
12982,2011-04-01
12984,2011-11-01
12985,2011-11-01
12987,2011-05-01
12988,2011-02-01
12989,2010-12-01
12990,2011-02-01
12991,2011-08-01
12993,2011-02-01
12994,2011-03-01
12995,2011-09-01
12997,2011-01-01
12999,2011-04-01
13000,2010-12-01
13001,2011-01-01
13002,2011-01-01
13003,2011-05-01
13004,2010-12-01
13005,2011-04-01
13006,2011-10-01
13008,2011-01-01
13011,2010-12-01
13012,2011-02-01
13013,2010-12-01
13014,2011-03-01
13015,2011-04-01
13016,2011-08-01
13017,2011-12-01
13018,2011-02-01
13021,2010-12-01
13023,2011-08-01
13026,2011-03-01
13027,2010-12-01
13028,2011-10-01
13029,2010-12-01
13030,2010-12-01
13032,2011-09-01
13033,2010-12-01
13034,2010-12-01
13035,2011-03-01
13037,2011-03-01
13038,2011-02-01
13040,2011-11-01
13043,2011-03-01
13044,2011-02-01
13045,2011-09-01
13046,2011-03-01
13047,2010-12-01
13048,2011-01-01
13049,2011-01-01
13050,2010-12-01
13052,2011-05-01
13055,2011-05-01
13058,2011-07-01
13059,2011-04-01
13060,2011-03-01
13061,2011-09-01
13062,2011-06-01
13064,2011-01-01
13065,2010-12-01
13066,2011-11-01
13067,2011-09-01
13068,2011-01-01
13069,2010-12-01
13070,2011-05-01
13072,2011-03-01
13075,2011-08-01
13077,2010-12-01
13078,2010-12-01
13079,2011-07-01
13080,2011-06-01
13081,2010-12-01
13082,2011-01-01
13083,2011-09-01
13085,2011-02-01
13089,2010-12-01
13090,2010-12-01
13091,2011-11-01
13092,2010-12-01
13093,2010-12-01
13094,2010-12-01
13095,2011-09-01
13097,2010-12-01
13098,2011-01-01
13099,2011-09-01
13101,2011-04-01
13102,2010-12-01
13103,2011-10-01
13104,2010-12-01
13106,2011-07-01
13107,2011-01-01
13108,2010-12-01
13109,2011-07-01
13110,2011-02-01
13113,2010-12-01
13115,2011-06-01
13116,2011-07-01
13117,2010-12-01
13118,2011-02-01
13120,2011-04-01
13121,2011-03-01
13122,2011-04-01
13124,2010-12-01
13126,2010-12-01
13127,2011-09-01
13130,2011-09-01
13131,2011-06-01
13132,2011-03-01
13133,2011-02-01
13134,2011-04-01
13135,2011-05-01
13136,2011-05-01
13137,2011-02-01
13138,2010-12-01
13139,2011-03-01
13140,2010-12-01
13141,2011-01-01
13142,2011-11-01
13144,2011-01-01
13145,2010-12-01
13146,2011-11-01
13147,2011-09-01
13148,2010-12-01
13149,2011-02-01
13151,2011-02-01
13153,2011-12-01
13155,2010-12-01
13157,2011-02-01
13158,2011-01-01
13159,2011-08-01
13160,2011-11-01
13161,2011-01-01
13162,2011-01-01
13165,2010-12-01
13166,2011-03-01
13167,2011-07-01
13168,2011-01-01
13169,2011-04-01
13170,2011-11-01
13171,2011-02-01
13173,2010-12-01
13174,2010-12-01
13176,2011-10-01
13177,2011-10-01
13178,2010-12-01
13182,2011-10-01
13183,2011-01-01
13184,2011-02-01
13185,2011-03-01
13186,2011-08-01
13187,2011-01-01
13188,2011-11-01
13189,2011-08-01
13192,2011-05-01
13193,2011-10-01
13194,2011-07-01
13196,2011-03-01
13198,2010-12-01
13199,2010-12-01
13200,2011-08-01
13203,2011-04-01
13207,2011-07-01
13208,2011-02-01
13209,2010-12-01
13210,2011-09-01
13211,2010-12-01
13212,2011-10-01
13213,2011-05-01
13216,2011-03-01
13217,2011-07-01
13218,2011-08-01
13220,2011-04-01
13221,2010-12-01
13223,2011-04-01
13224,2011-07-01
13225,2010-12-01
13226,2011-03-01
13227,2011-05-01
13228,2011-09-01
13229,2011-04-01
13230,2010-12-01
13232,2011-04-01
13233,2011-01-01
13235,2011-05-01
13236,2011-08-01
13238,2010-12-01
13239,2011-03-01
13240,2010-12-01
13242,2011-05-01
13243,2011-05-01
13244,2011-09-01
13245,2011-10-01
13246,2011-01-01
13247,2011-09-01
13248,2011-06-01
13249,2011-03-01
13253,2011-01-01
13255,2010-12-01
13258,2011-05-01
13259,2011-10-01
13260,2011-10-01
13261,2011-02-01
13262,2011-03-01
13263,2011-01-01
13265,2011-03-01
13266,2011-03-01
13267,2010-12-01
13268,2011-03-01
13269,2010-12-01
13270,2010-12-01
13271,2011-11-01
13272,2011-09-01
13273,2011-08-01
13276,2011-09-01
13277,2011-07-01
13278,2011-10-01
13279,2011-09-01
13280,2011-01-01
13282,2011-05-01
13283,2011-06-01
13284,2011-01-01
13285,2011-02-01
13291,2011-07-01
13292,2011-02-01
13294,2011-04-01
13295,2010-12-01
13296,2011-07-01
13297,2011-10-01
13298,2011-12-01
13299,2011-03-01
13300,2011-06-01
13301,2011-02-01
13302,2011-07-01
13304,2010-12-01
13305,2010-12-01
13307,2011-08-01
13308,2011-05-01
13309,2011-02-01
13310,2011-01-01
13311,2011-07-01
13313,2011-01-01
13314,2011-09-01
13316,2011-03-01
13317,2010-12-01
13318,2011-11-01
13319,2010-12-01
13320,2011-05-01
13321,2011-09-01
13322,2011-11-01
13323,2011-09-01
13324,2010-12-01
13325,2011-09-01
13327,2010-12-01
13328,2011-01-01
13329,2010-12-01
13330,2011-01-01
13332,2011-11-01
13334,2011-02-01
13336,2011-09-01
13338,2011-07-01
13339,2011-05-01
13340,2011-03-01
13341,2011-03-01
13343,2011-06-01
13344,2011-03-01
13345,2011-02-01
13347,2011-09-01
13348,2011-10-01
13349,2011-11-01
13350,2011-09-01
13351,2011-10-01
13352,2011-10-01
13354,2011-09-01
13355,2011-08-01
13356,2011-09-01
13357,2011-03-01
13358,2011-03-01
13359,2011-10-01
13362,2011-02-01
13363,2011-10-01
13364,2011-09-01
13365,2011-05-01
13366,2011-10-01
13368,2011-01-01
13369,2010-12-01
13370,2010-12-01
13372,2011-09-01
13373,2011-03-01
13375,2011-09-01
13376,2011-04-01
13379,2011-07-01
13381,2011-02-01
13382,2011-03-01
13384,2011-06-01
13385,2011-01-01
13388,2011-07-01
13389,2011-04-01
13390,2011-09-01
13391,2011-05-01
13394,2011-02-01
13395,2011-06-01
13396,2011-01-01
13397,2011-01-01
13398,2011-05-01
13402,2010-12-01
13403,2011-11-01
13404,2011-05-01
13405,2011-01-01
13408,2010-12-01
13410,2011-02-01
13411,2011-08-01
13414,2011-02-01
13416,2011-09-01
13417,2011-05-01
13418,2010-12-01
13419,2011-10-01
13420,2011-06-01
13421,2011-02-01
13422,2011-10-01
13425,2011-02-01
13426,2010-12-01
13427,2011-05-01
13428,2011-11-01
13429,2011-09-01
13430,2011-09-01
13431,2011-09-01
13434,2011-09-01
13435,2011-06-01
13436,2011-12-01
13437,2011-06-01
13439,2011-03-01
13441,2011-09-01
13447,2011-11-01
13448,2010-12-01
13449,2011-11-01
13450,2011-05-01
13451,2011-01-01
13452,2011-03-01
13453,2011-02-01
13455,2010-12-01
13456,2011-05-01
13458,2010-12-01
13460,2011-10-01
13461,2011-06-01
13462,2011-04-01
13464,2011-10-01
13466,2011-06-01
13467,2011-11-01
13468,2010-12-01
13470,2011-08-01
13471,2011-10-01
13473,2011-01-01
13474,2011-04-01
13475,2011-02-01
13476,2011-03-01
13477,2011-02-01
13479,2011-04-01
13481,2011-03-01
13482,2011-04-01
13483,2011-10-01
13484,2011-04-01
13485,2011-04-01
13486,2011-07-01
13487,2010-12-01
13488,2010-12-01
13489,2011-02-01
13491,2010-12-01
13492,2011-05-01
13493,2011-02-01
13494,2011-02-01
13495,2010-12-01
13496,2010-12-01
13497,2010-12-01
13499,2011-03-01
13500,2011-08-01
13501,2011-02-01
13502,2011-01-01
13503,2011-09-01
13504,2011-10-01
13505,2011-04-01
13506,2010-12-01
13507,2011-07-01
13508,2011-04-01
13509,2011-02-01
13510,2011-06-01
13512,2011-03-01
13513,2011-08-01
13514,2011-09-01
13515,2011-04-01
13516,2011-04-01
13517,2011-06-01
13518,2011-09-01
13519,2011-09-01
13520,2010-12-01
13521,2011-11-01
13522,2011-11-01
13523,2010-12-01
13524,2011-05-01
13525,2011-04-01
13527,2011-01-01
13529,2011-05-01
13531,2010-12-01
13532,2011-11-01
13533,2011-03-01
13534,2010-12-01
13536,2011-09-01
13538,2011-01-01
13539,2011-02-01
13544,2011-04-01
13546,2011-05-01
13548,2011-04-01
13549,2011-04-01
13551,2011-01-01
13552,2011-01-01
13555,2011-05-01
13557,2011-03-01
13558,2011-10-01
13560,2011-12-01
13561,2011-05-01
13562,2011-04-01
13563,2011-07-01
13564,2010-12-01
13565,2011-01-01
13566,2011-09-01
13568,2011-06-01
13569,2010-12-01
13570,2011-04-01
13571,2011-03-01
13572,2011-05-01
13573,2011-03-01
13575,2011-06-01
13576,2010-12-01
13577,2011-04-01
13579,2010-12-01
13581,2011-02-01
13583,2011-07-01
13584,2011-02-01
13587,2011-10-01
13588,2011-03-01
13589,2011-06-01
13590,2011-02-01
13591,2011-03-01
13592,2011-03-01
13593,2011-01-01
13594,2011-10-01
13596,2011-11-01
13598,2011-10-01
13599,2010-12-01
13600,2011-01-01
13601,2011-05-01
13602,2011-10-01
13603,2011-11-01
13606,2011-02-01
13607,2011-10-01
13610,2011-02-01
13611,2010-12-01
13614,2011-01-01
13615,2011-01-01
13617,2011-06-01
13618,2011-06-01
13621,2011-08-01
13623,2011-02-01
13626,2011-04-01
13627,2010-12-01
13629,2011-01-01
13630,2011-02-01
13631,2011-03-01
13632,2011-04-01
13634,2011-01-01
13635,2011-10-01
13636,2011-02-01
13637,2011-04-01
13638,2011-11-01
13639,2011-09-01
13642,2011-05-01
13643,2011-06-01
13644,2011-08-01
13645,2011-08-01
13647,2011-04-01
13649,2010-12-01
13650,2011-03-01
13651,2011-10-01
13652,2010-12-01
13654,2011-03-01
13655,2011-04-01
13656,2011-01-01
13657,2011-05-01
13658,2011-05-01
13659,2011-01-01
13662,2011-03-01
13663,2011-06-01
13666,2011-02-01
13667,2011-07-01
13668,2010-12-01
13669,2011-07-01
13670,2011-09-01
13672,2011-01-01
13673,2011-11-01
13675,2011-02-01
13678,2011-07-01
13680,2011-01-01
13681,2011-07-01
13682,2011-06-01
13684,2011-02-01
13685,2011-10-01
13686,2011-06-01
13689,2011-10-01
13690,2011-10-01
13692,2011-04-01
13694,2010-12-01
13695,2011-03-01
13697,2011-11-01
13699,2011-07-01
13700,2011-01-01
13703,2011-01-01
13704,2011-09-01
13705,2010-12-01
13706,2011-02-01
13707,2011-01-01
13708,2011-03-01
13709,2011-01-01
13710,2011-11-01
13711,2011-05-01
13712,2011-04-01
13715,2010-12-01
13716,2011-03-01
13717,2011-02-01
13718,2011-02-01
13719,2011-04-01
13720,2011-03-01
13721,2011-11-01
13722,2011-03-01
13723,2011-05-01
13725,2011-02-01
13726,2011-08-01
13727,2011-11-01
13728,2011-02-01
13730,2011-07-01
13731,2011-04-01
13732,2011-11-01
13735,2011-04-01
13736,2011-03-01
13737,2011-05-01
13739,2011-11-01
13740,2011-04-01
13741,2011-05-01
13742,2011-01-01
13743,2011-03-01
13744,2011-02-01
13745,2011-06-01
13747,2010-12-01
13748,2010-12-01
13750,2011-01-01
13751,2011-02-01
13752,2011-04-01
13753,2011-02-01
13754,2011-01-01
13755,2011-10-01
13756,2010-12-01
13758,2010-12-01
13759,2011-09-01
13760,2011-03-01
13761,2011-06-01
13762,2011-05-01
13763,2011-10-01
13764,2011-01-01
13767,2010-12-01
13769,2010-12-01
13771,2011-04-01
13772,2011-04-01
13774,2011-09-01
13777,2010-12-01
13778,2011-08-01
13780,2011-06-01
13781,2011-04-01
13782,2011-01-01
13784,2011-01-01
13786,2010-12-01
13787,2010-12-01
13790,2011-12-01
13791,2011-06-01
13792,2011-02-01
13798,2010-12-01
13799,2011-02-01
13800,2011-02-01
13801,2011-10-01
13802,2011-02-01
13803,2011-03-01
13804,2011-02-01
13805,2011-08-01
13806,2011-10-01
13807,2010-12-01
13808,2011-09-01
13809,2011-02-01
13810,2011-10-01
13811,2011-04-01
13812,2011-08-01
13813,2011-07-01
13814,2011-07-01
13815,2011-01-01
13816,2011-10-01
13817,2010-12-01
13819,2011-01-01
13821,2011-03-01
13822,2011-10-01
13823,2011-09-01
13824,2011-02-01
13826,2011-06-01
13827,2011-07-01
13828,2011-11-01
13831,2010-12-01
13832,2011-11-01
13833,2011-07-01
13835,2011-05-01
13837,2011-01-01
13838,2010-12-01
13841,2011-04-01
13842,2010-12-01
13844,2011-11-01
13845,2011-10-01
13846,2010-12-01
13848,2010-12-01
13849,2011-06-01
13850,2011-08-01
13851,2011-02-01
13853,2011-10-01
13854,2010-12-01
13856,2011-05-01
13858,2011-10-01
13859,2011-01-01
13860,2011-09-01
13862,2011-01-01
13863,2011-04-01
13865,2011-02-01
13866,2011-09-01
13867,2011-05-01
13868,2011-11-01
13869,2010-12-01
13870,2011-02-01
13871,2011-02-01
13873,2011-02-01
13874,2010-12-01
13875,2011-02-01
13876,2011-10-01
13877,2011-09-01
13878,2011-10-01
13880,2010-12-01
13881,2011-02-01
13882,2011-10-01
13883,2011-03-01
13884,2011-03-01
13885,2011-05-01
13886,2011-09-01
13887,2011-05-01
13888,2011-05-01
13889,2011-09-01
13890,2010-12-01
13892,2011-04-01
13893,2011-02-01
13894,2011-02-01
13895,2011-06-01
13897,2011-10-01
13898,2011-01-01
13899,2011-03-01
13900,2011-03-01
13901,2011-01-01
13904,2011-02-01
13908,2011-03-01
13911,2011-02-01
13914,2011-11-01
13917,2011-06-01
13918,2011-03-01
13919,2011-08-01
13922,2010-12-01
13923,2011-10-01
13924,2011-09-01
13925,2011-07-01
13926,2011-11-01
13927,2011-09-01
13928,2011-07-01
13929,2011-01-01
13930,2011-07-01
13931,2011-03-01
13932,2011-02-01
13933,2011-07-01
13934,2011-03-01
13936,2011-06-01
13937,2011-06-01
13938,2011-11-01
13939,2011-02-01
13940,2011-07-01
13941,2010-12-01
13946,2011-03-01
13947,2011-10-01
13948,2010-12-01
13949,2011-09-01
13950,2011-04-01
13951,2011-02-01
13952,2011-04-01
13953,2010-12-01
13954,2011-09-01
13955,2011-02-01
13956,2011-03-01
13959,2010-12-01
13960,2011-09-01
13962,2011-04-01
13963,2010-12-01
13967,2011-07-01
13969,2010-12-01
13971,2011-02-01
13972,2011-05-01
13973,2011-02-01
13974,2011-10-01
13975,2011-03-01
13976,2011-05-01
13978,2011-10-01
13979,2011-09-01
13980,2011-10-01
13982,2010-12-01
13983,2010-12-01
13984,2010-12-01
13985,2011-03-01
13986,2011-11-01
13988,2011-03-01
13989,2011-04-01
13990,2011-05-01
13991,2011-07-01
13992,2011-11-01
13993,2011-01-01
13994,2011-07-01
13995,2011-04-01
13999,2010-12-01
14000,2011-05-01
14001,2010-12-01
14002,2011-07-01
14004,2011-02-01
14005,2011-05-01
14006,2011-01-01
14009,2011-05-01
14012,2011-03-01
14013,2011-03-01
14014,2011-09-01
14015,2011-10-01
14016,2010-12-01
14019,2011-07-01
14020,2011-09-01
14021,2011-03-01
14022,2011-04-01
14023,2011-04-01
14024,2011-08-01
14027,2011-10-01
14029,2011-07-01
14030,2010-12-01
14031,2010-12-01
14032,2010-12-01
14034,2011-07-01
14035,2011-02-01
14036,2011-02-01
14037,2010-12-01
14038,2011-05-01
14039,2011-11-01
14040,2011-01-01
14041,2011-03-01
14044,2011-02-01
14045,2010-12-01
14046,2011-02-01
14047,2010-12-01
14048,2011-02-01
14049,2011-01-01
14050,2011-08-01
14051,2010-12-01
14052,2011-11-01
14053,2011-07-01
14054,2011-10-01
14055,2011-08-01
14056,2011-02-01
14057,2010-12-01
14059,2011-03-01
14060,2010-12-01
14062,2010-12-01
14064,2011-03-01
14066,2011-03-01
14067,2011-09-01
14068,2011-01-01
14071,2011-03-01
14073,2011-11-01
14075,2011-03-01
14076,2011-08-01
14077,2011-03-01
14078,2010-12-01
14079,2011-08-01
14080,2011-11-01
14081,2010-12-01
14082,2010-12-01
14083,2010-12-01
14085,2010-12-01
14087,2011-12-01
14088,2011-01-01
14089,2011-10-01
14090,2011-01-01
14092,2010-12-01
14093,2011-11-01
14096,2011-08-01
14098,2011-11-01
14099,2010-12-01
14100,2011-07-01
14101,2011-01-01
14102,2011-10-01
14104,2011-06-01
14105,2011-04-01
14107,2010-12-01
14108,2011-08-01
14109,2011-09-01
14110,2011-03-01
14111,2011-04-01
14112,2011-03-01
14113,2010-12-01
14114,2011-01-01
14116,2011-08-01
14117,2011-07-01
14121,2011-10-01
14124,2011-09-01
14125,2011-09-01
14126,2011-11-01
14127,2011-02-01
14128,2011-03-01
14129,2011-03-01
14130,2011-01-01
14132,2011-06-01
14133,2011-01-01
14135,2010-12-01
14138,2011-10-01
14139,2011-10-01
14140,2011-11-01
14141,2011-08-01
14142,2010-12-01
14143,2011-07-01
14145,2011-05-01
14146,2010-12-01
14147,2011-02-01
14148,2011-04-01
14149,2011-05-01
14150,2010-12-01
14152,2011-04-01
14154,2011-04-01
14155,2011-03-01
14156,2010-12-01
14157,2011-02-01
14158,2011-10-01
14159,2010-12-01
14161,2010-12-01
14162,2011-02-01
14163,2011-04-01
14164,2011-09-01
14165,2011-03-01
14167,2011-01-01
14171,2011-09-01
14173,2011-05-01
14174,2011-11-01
14175,2011-01-01
14176,2010-12-01
14177,2011-06-01
14178,2011-06-01
14179,2011-10-01
14180,2010-12-01
14184,2011-10-01
14185,2011-01-01
14188,2011-02-01
14189,2010-12-01
14191,2011-05-01
14193,2011-03-01
14194,2011-02-01
14195,2011-04-01
14196,2011-08-01
14198,2011-04-01
14199,2011-05-01
14201,2010-12-01
14204,2011-12-01
14205,2011-03-01
14206,2011-04-01
14208,2011-09-01
14209,2011-01-01
14210,2010-12-01
14211,2011-02-01
14212,2011-09-01
14214,2011-03-01
14215,2010-12-01
14216,2011-11-01
14217,2010-12-01
14218,2011-10-01
14219,2011-12-01
14220,2010-12-01
14221,2011-01-01
14222,2011-06-01
14223,2011-03-01
14224,2011-01-01
14226,2011-03-01
14227,2011-02-01
14229,2011-01-01
14231,2011-02-01
14232,2011-03-01
14233,2011-01-01
14234,2011-10-01
14235,2011-03-01
14236,2010-12-01
14237,2010-12-01
14238,2011-01-01
14239,2011-01-01
14240,2011-04-01
14241,2011-06-01
14242,2011-01-01
14243,2010-12-01
14245,2011-03-01
14246,2011-04-01
14247,2011-03-01
14248,2011-01-01
14250,2011-09-01
14251,2011-10-01
14256,2010-12-01
14257,2011-01-01
14258,2011-01-01
14259,2011-07-01
14261,2011-09-01
14262,2011-04-01
14264,2011-04-01
14265,2011-07-01
14267,2011-03-01
14270,2011-01-01
14271,2011-04-01
14272,2011-03-01
14273,2011-04-01
14276,2011-02-01
14277,2011-05-01
14280,2011-05-01
14282,2010-12-01
14284,2011-09-01
14285,2011-06-01
14286,2011-04-01
14287,2011-05-01
14288,2011-05-01
14289,2011-02-01
14290,2010-12-01
14291,2011-03-01
14292,2011-03-01
14293,2010-12-01
14295,2011-10-01
14297,2011-03-01
14298,2010-12-01
14299,2010-12-01
14300,2011-11-01
14301,2011-08-01
14304,2011-05-01
14305,2011-07-01
14306,2011-09-01
14307,2010-12-01
14309,2010-12-01
14311,2011-04-01
14312,2011-01-01
14314,2011-08-01
14315,2011-03-01
14317,2011-10-01
14320,2011-01-01
14321,2011-01-01
14323,2011-04-01
14326,2011-04-01
14327,2011-06-01
14329,2011-01-01
14331,2011-07-01
14332,2011-07-01
14333,2011-10-01
14334,2010-12-01
14335,2011-09-01
14336,2011-03-01
14338,2011-05-01
14339,2011-04-01
14340,2011-05-01
14341,2011-01-01
14342,2011-05-01
14344,2010-12-01
14345,2011-11-01
14346,2011-02-01
14348,2011-03-01
14349,2011-11-01
14350,2011-03-01
14351,2011-06-01
14352,2011-03-01
14353,2011-05-01
14354,2011-11-01
14355,2010-12-01
14356,2011-09-01
14357,2011-10-01
14359,2011-09-01
14360,2011-09-01
14362,2011-11-01
14364,2011-05-01
14367,2011-03-01
14368,2011-01-01
14371,2011-02-01
14373,2010-12-01
14375,2011-06-01
14377,2011-03-01
14379,2011-02-01
14381,2011-10-01
14382,2011-11-01
14383,2011-06-01
14385,2011-11-01
14386,2011-02-01
14387,2011-08-01
14388,2010-12-01
14389,2011-06-01
14390,2010-12-01
14393,2011-05-01
14395,2010-12-01
14396,2010-12-01
14397,2011-05-01
14400,2011-07-01
14401,2010-12-01
14403,2011-04-01
14404,2010-12-01
14406,2011-08-01
14407,2011-03-01
14408,2011-03-01
14409,2010-12-01
14410,2011-02-01
14411,2011-02-01
14412,2011-09-01
14413,2010-12-01
14414,2010-12-01
14415,2010-12-01
14416,2011-10-01
14418,2011-08-01
14419,2010-12-01
14420,2011-09-01
14421,2011-05-01
14422,2011-03-01
14423,2011-05-01
14424,2011-11-01
14426,2011-01-01
14427,2011-10-01
14428,2011-01-01
14431,2011-02-01
14432,2011-09-01
14434,2011-09-01
14436,2011-09-01
14437,2010-12-01
14438,2011-02-01
14439,2011-01-01
14440,2010-12-01
14441,2011-03-01
14442,2011-01-01
14443,2010-12-01
14446,2011-04-01
14447,2011-03-01
14448,2010-12-01
14449,2010-12-01
14450,2011-01-01
14451,2011-05-01
14452,2011-09-01
14453,2011-06-01
14456,2011-07-01
14457,2011-02-01
14459,2011-07-01
14460,2011-02-01
14461,2011-03-01
14462,2011-01-01
14463,2011-05-01
14465,2011-02-01
14466,2010-12-01
14467,2011-01-01
14470,2011-02-01
14472,2010-12-01
14473,2011-03-01
14474,2011-10-01
14475,2011-02-01
14476,2011-03-01
14477,2011-02-01
14479,2010-12-01
14480,2011-11-01
14481,2011-02-01
14482,2011-04-01
14483,2011-03-01
14484,2011-10-01
14485,2011-11-01
14487,2010-12-01
14488,2011-10-01
14489,2011-05-01
14491,2010-12-01
14493,2011-07-01
14494,2011-11-01
14495,2011-08-01
14496,2010-12-01
14497,2011-02-01
14498,2010-12-01
14499,2011-03-01
14500,2011-06-01
14501,2011-01-01
14502,2011-01-01
14503,2011-06-01
14504,2011-03-01
14505,2010-12-01
14506,2010-12-01
14507,2011-03-01
14508,2011-09-01
14511,2011-07-01
14512,2011-04-01
14513,2011-02-01
14514,2011-01-01
14515,2011-05-01
14517,2011-07-01
14518,2011-10-01
14520,2011-02-01
14522,2011-05-01
14523,2011-08-01
14524,2010-12-01
14525,2010-12-01
14527,2010-12-01
14528,2011-11-01
14529,2011-08-01
14530,2011-02-01
14532,2010-12-01
14533,2010-12-01
14534,2011-01-01
14535,2011-04-01
14536,2011-03-01
14537,2011-10-01
14538,2011-03-01
14539,2011-10-01
14540,2011-02-01
14541,2011-01-01
14542,2011-06-01
14543,2010-12-01
14544,2010-12-01
14546,2011-04-01
14547,2011-10-01
14548,2011-01-01
14549,2011-02-01
14550,2011-10-01
14551,2011-05-01
14552,2011-07-01
14553,2011-01-01
14554,2011-10-01
14555,2011-02-01
14557,2011-09-01
14560,2010-12-01
14561,2011-06-01
14562,2011-02-01
14565,2010-12-01
14566,2011-08-01
14567,2011-08-01
14569,2011-12-01
14570,2011-03-01
14572,2011-01-01
14573,2010-12-01
14576,2010-12-01
14577,2010-12-01
14578,2011-12-01
14581,2011-11-01
14582,2011-10-01
14583,2011-05-01
14584,2011-05-01
14585,2011-10-01
14586,2011-03-01
14587,2011-01-01
14589,2010-12-01
14591,2011-05-01
14592,2011-10-01
14593,2011-05-01
14594,2010-12-01
14595,2011-01-01
14597,2011-06-01
14598,2011-10-01
14600,2011-02-01
14601,2011-11-01
14603,2011-03-01
14606,2010-12-01
14607,2011-03-01
14608,2010-12-01
14609,2011-02-01
14616,2011-01-01
14618,2011-01-01
14619,2011-04-01
14620,2011-03-01
14621,2010-12-01
14622,2011-06-01
14623,2011-04-01
14624,2011-10-01
14625,2010-12-01
14626,2011-04-01
14628,2011-04-01
14629,2011-10-01
14631,2011-02-01
14632,2011-03-01
14633,2011-03-01
14636,2011-03-01
14638,2011-10-01
14639,2010-12-01
14640,2011-04-01
14641,2011-11-01
14642,2011-10-01
14643,2010-12-01
14644,2011-02-01
14645,2011-03-01
14646,2010-12-01
14647,2011-05-01
14649,2011-05-01
14651,2011-05-01
14652,2011-09-01
14653,2011-01-01
14655,2011-05-01
14656,2011-03-01
14657,2011-01-01
14658,2011-08-01
14659,2011-01-01
14660,2011-08-01
14661,2011-11-01
14662,2011-01-01
14664,2011-11-01
14665,2011-02-01
14666,2011-11-01
14667,2010-12-01
14669,2011-01-01
14670,2011-03-01
14672,2011-01-01
14673,2010-12-01
14675,2011-11-01
14676,2011-03-01
14680,2010-12-01
14681,2011-05-01
14682,2011-05-01
14684,2010-12-01
14687,2011-08-01
14688,2010-12-01
14689,2011-05-01
14690,2011-07-01
14691,2011-05-01
14692,2011-01-01
14693,2011-03-01
14696,2010-12-01
14697,2011-05-01
14698,2011-10-01
14699,2011-05-01
14700,2011-04-01
14701,2011-01-01
14702,2010-12-01
14703,2011-11-01
14704,2011-06-01
14705,2011-05-01
14708,2010-12-01
14709,2010-12-01
14710,2011-10-01
14711,2011-03-01
14712,2011-08-01
14713,2010-12-01
14714,2011-11-01
14715,2011-01-01
14716,2011-07-01
14719,2011-04-01
14720,2011-08-01
14722,2011-07-01
14723,2010-12-01
14725,2011-11-01
14727,2011-03-01
14729,2010-12-01
14730,2011-03-01
14731,2011-05-01
14732,2011-01-01
14733,2010-12-01
14735,2010-12-01
14737,2010-12-01
14738,2011-01-01
14739,2010-12-01
14740,2011-03-01
14741,2010-12-01
14744,2010-12-01
14745,2011-02-01
14747,2011-04-01
14748,2010-12-01
14752,2011-10-01
14753,2011-09-01
14754,2011-02-01
14755,2011-01-01
14756,2011-11-01
14757,2011-09-01
14758,2011-03-01
14759,2011-04-01
14760,2011-02-01
14761,2011-01-01
14762,2011-03-01
14764,2011-10-01
14765,2011-06-01
14766,2010-12-01
14768,2011-08-01
14769,2010-12-01
14770,2011-01-01
14772,2011-08-01
14775,2010-12-01
14776,2011-01-01
14778,2011-02-01
14779,2011-01-01
14780,2011-09-01
14782,2011-01-01
14784,2011-01-01
14785,2011-11-01
14788,2011-11-01
14789,2011-11-01
14790,2011-03-01
14792,2011-10-01
14793,2011-11-01
14794,2011-01-01
14795,2011-06-01
14796,2010-12-01
14798,2011-02-01
14799,2011-10-01
14800,2010-12-01
14801,2011-10-01
14803,2011-02-01
14804,2011-12-01
14805,2011-01-01
14806,2011-09-01
14808,2011-06-01
14810,2010-12-01
14813,2010-12-01
14815,2011-10-01
14816,2011-05-01
14817,2011-03-01
14818,2011-03-01
14819,2011-05-01
14820,2011-06-01
14821,2010-12-01
14823,2011-05-01
14824,2011-09-01
14825,2010-12-01
14828,2011-01-01
14829,2010-12-01
14830,2011-10-01
14834,2011-04-01
14836,2011-11-01
14837,2011-05-01
14840,2011-03-01
14841,2010-12-01
14842,2011-02-01
14844,2011-04-01
14847,2011-07-01
14849,2010-12-01
14850,2011-02-01
14851,2011-03-01
14852,2011-04-01
14853,2011-05-01
14854,2011-03-01
14855,2011-07-01
14856,2011-10-01
14857,2011-07-01
14859,2011-05-01
14860,2011-11-01
14861,2011-10-01
14862,2011-07-01
14863,2011-11-01
14865,2010-12-01
14866,2010-12-01
14867,2011-01-01
14868,2011-04-01
14869,2011-08-01
14870,2011-03-01
14871,2010-12-01
14873,2011-05-01
14875,2011-03-01
14878,2010-12-01
14880,2011-02-01
14881,2011-11-01
14882,2011-11-01
14883,2011-05-01
14885,2011-07-01
14886,2011-04-01
14887,2011-09-01
14888,2011-05-01
14889,2011-01-01
14890,2011-03-01
14891,2011-06-01
14893,2011-11-01
14894,2011-09-01
14895,2011-02-01
14896,2010-12-01
14897,2011-02-01
14898,2010-12-01
14901,2010-12-01
14902,2011-11-01
14903,2011-03-01
14904,2011-11-01
14905,2011-04-01
14907,2010-12-01
14908,2011-09-01
14910,2011-10-01
14911,2010-12-01
14912,2011-04-01
14913,2010-12-01
14915,2011-03-01
14916,2011-01-01
14918,2011-07-01
14920,2011-05-01
14921,2011-05-01
14923,2011-10-01
14924,2011-04-01
14929,2011-11-01
14930,2011-03-01
14931,2011-04-01
14932,2010-12-01
14934,2011-03-01
14935,2011-02-01
14936,2011-03-01
14937,2011-08-01
14944,2011-02-01
14946,2011-11-01
14947,2011-08-01
14948,2011-05-01
14950,2011-11-01
14951,2011-09-01
14952,2010-12-01
14953,2011-11-01
14954,2011-11-01
14957,2011-03-01
14958,2011-04-01
14959,2011-02-01
14960,2011-06-01
14961,2010-12-01
14962,2011-03-01
14963,2011-06-01
14964,2011-04-01
14965,2011-09-01
14966,2011-11-01
14967,2011-10-01
14968,2011-11-01
14970,2011-01-01
14971,2011-10-01
14972,2011-08-01
14973,2011-04-01
14974,2011-11-01
14975,2011-10-01
14976,2011-01-01
14978,2011-01-01
14981,2011-04-01
14984,2011-06-01
14985,2010-12-01
14987,2010-12-01
14988,2011-05-01
14995,2011-03-01
14997,2011-06-01
14998,2011-04-01
15000,2011-10-01
15002,2010-12-01
15004,2011-07-01
15005,2010-12-01
15006,2011-10-01
15007,2011-07-01
15009,2011-11-01
15010,2011-11-01
15012,2010-12-01
15014,2011-06-01
15016,2011-06-01
15017,2011-11-01
15018,2010-12-01
15019,2011-03-01
15021,2010-12-01
15022,2011-10-01
15023,2010-12-01
15024,2010-12-01
15025,2011-11-01
15026,2011-03-01
15027,2011-04-01
15028,2010-12-01
15030,2011-03-01
15031,2011-03-01
15032,2010-12-01
15033,2011-01-01
15034,2010-12-01
15035,2011-09-01
15036,2011-06-01
15038,2010-12-01
15039,2010-12-01
15041,2011-06-01
15042,2011-05-01
15043,2011-11-01
15044,2010-12-01
15045,2011-03-01
15046,2011-01-01
15047,2011-03-01
15048,2010-12-01
15049,2011-03-01
15050,2011-09-01
15051,2011-07-01
15052,2011-01-01
15053,2011-03-01
15054,2011-10-01
15057,2011-01-01
15058,2011-01-01
15059,2011-01-01
15060,2011-11-01
15061,2010-12-01
15062,2010-12-01
15063,2011-05-01
15065,2011-02-01
15066,2011-10-01
15067,2011-03-01
15068,2011-03-01
15069,2011-06-01
15070,2010-12-01
15071,2011-03-01
15073,2011-06-01
15074,2011-08-01
15075,2011-09-01
15076,2011-06-01
15078,2010-12-01
15079,2010-12-01
15081,2010-12-01
15083,2011-03-01
15087,2011-03-01
15088,2011-10-01
15089,2011-08-01
15090,2011-02-01
15091,2011-10-01
15092,2011-03-01
15093,2010-12-01
15095,2011-05-01
15096,2011-10-01
15097,2011-12-01
15098,2011-06-01
15099,2011-09-01
15100,2010-12-01
15101,2010-12-01
15103,2011-09-01
15104,2011-03-01
15105,2011-07-01
15106,2011-03-01
15107,2010-12-01
15108,2011-04-01
15109,2011-04-01
15110,2011-01-01
15111,2010-12-01
15113,2011-10-01
15114,2011-02-01
15115,2011-11-01
15116,2011-05-01
15117,2011-05-01
15118,2011-07-01
15119,2011-04-01
15120,2011-07-01
15121,2011-02-01
15122,2011-02-01
15123,2011-05-01
15124,2011-06-01
15125,2011-03-01
15127,2011-10-01
15128,2011-05-01
15129,2011-02-01
15130,2011-06-01
15132,2011-03-01
15133,2011-02-01
15134,2011-04-01
15135,2011-04-01
15136,2011-09-01
15139,2011-01-01
15140,2011-03-01
15142,2011-10-01
15143,2011-04-01
15144,2011-01-01
15145,2011-04-01
15146,2011-02-01
15147,2011-04-01
15148,2011-11-01
15149,2011-07-01
15150,2011-03-01
15152,2011-06-01
15153,2011-11-01
15154,2011-09-01
15156,2011-11-01
15157,2010-12-01
15158,2011-10-01
15159,2010-12-01
15160,2010-12-01
15163,2011-05-01
15164,2011-01-01
15165,2010-12-01
15167,2011-01-01
15168,2011-11-01
15171,2011-01-01
15172,2011-04-01
15174,2011-01-01
15175,2011-09-01
15178,2011-03-01
15179,2011-01-01
15180,2010-12-01
15181,2011-03-01
15182,2011-03-01
15184,2011-06-01
15185,2011-09-01
15186,2011-06-01
15187,2011-05-01
15189,2011-01-01
15192,2010-12-01
15193,2011-10-01
15194,2010-12-01
15195,2011-12-01
15197,2010-12-01
15198,2011-08-01
15199,2011-02-01
15201,2011-04-01
15203,2011-02-01
15204,2010-12-01
15205,2011-08-01
15206,2011-03-01
15208,2010-12-01
15210,2011-04-01
15211,2010-12-01
15212,2011-04-01
15213,2011-01-01
15214,2011-04-01
15215,2011-09-01
15216,2011-09-01
15218,2011-01-01
15219,2011-06-01
15220,2011-03-01
15221,2010-12-01
15222,2011-01-01
15223,2011-04-01
15224,2010-12-01
15225,2011-04-01
15226,2011-02-01
15227,2011-01-01
15228,2011-02-01
15230,2011-04-01
15232,2011-07-01
15234,2011-03-01
15235,2010-12-01
15236,2011-02-01
15237,2011-04-01
15238,2011-06-01
15239,2011-09-01
15240,2011-02-01
15241,2011-03-01
15243,2011-09-01
15244,2011-04-01
15245,2011-03-01
15246,2010-12-01
15247,2011-08-01
15249,2011-03-01
15251,2011-04-01
15252,2011-06-01
15253,2011-06-01
15254,2011-08-01
15255,2011-10-01
15256,2011-07-01
15257,2011-03-01
15258,2011-05-01
15260,2010-12-01
15261,2011-07-01
15262,2011-01-01
15263,2011-08-01
15264,2011-10-01
15265,2011-04-01
15266,2011-01-01
15267,2011-06-01
15269,2011-11-01
15270,2011-02-01
15271,2010-12-01
15272,2011-09-01
15274,2011-11-01
15275,2011-11-01
15276,2011-10-01
15277,2011-10-01
15279,2010-12-01
15280,2011-06-01
15281,2011-01-01
15286,2011-10-01
15287,2011-09-01
15288,2010-12-01
15289,2011-04-01
15290,2010-12-01
15291,2010-12-01
15292,2011-05-01
15296,2011-01-01
15297,2011-10-01
15298,2010-12-01
15299,2010-12-01
15300,2011-10-01
15301,2010-12-01
15303,2011-02-01
15304,2010-12-01
15306,2011-07-01
15307,2011-09-01
15308,2011-03-01
15311,2010-12-01
15312,2010-12-01
15313,2011-08-01
15314,2011-05-01
15315,2011-08-01
15316,2011-01-01
15318,2011-12-01
15319,2011-03-01
15320,2011-10-01
15321,2011-02-01
15322,2011-09-01
15325,2011-08-01
15326,2011-01-01
15327,2011-10-01
15329,2011-06-01
15330,2011-10-01
15332,2010-12-01
15333,2011-05-01
15334,2011-06-01
15335,2011-10-01
15339,2011-01-01
15341,2011-09-01
15342,2011-08-01
15343,2011-09-01
15344,2011-09-01
15345,2011-10-01
15346,2011-01-01
15347,2010-12-01
15348,2011-09-01
15349,2011-06-01
15350,2010-12-01
15351,2010-12-01
15353,2010-12-01
15355,2011-10-01
15356,2010-12-01
15358,2010-12-01
15360,2011-10-01
15361,2010-12-01
15363,2010-12-01
15364,2011-03-01
15365,2011-01-01
15366,2010-12-01
15367,2011-03-01
15368,2011-11-01
15370,2011-01-01
15372,2011-07-01
15373,2010-12-01
15374,2011-08-01
15376,2011-05-01
15379,2010-12-01
15380,2010-12-01
15381,2011-03-01
15382,2011-02-01
15384,2010-12-01
15385,2011-10-01
15386,2011-06-01
15388,2011-03-01
15389,2011-06-01
15392,2010-12-01
15393,2011-03-01
15394,2010-12-01
15395,2011-01-01
15396,2011-08-01
15397,2011-02-01
15398,2011-09-01
15399,2011-09-01
15400,2011-03-01
15402,2011-05-01
15405,2011-06-01
15406,2011-02-01
15407,2011-02-01
15408,2011-03-01
15410,2011-03-01
15411,2011-06-01
15412,2011-06-01
15414,2011-04-01
15415,2011-01-01
15416,2011-03-01
15417,2011-09-01
15419,2011-11-01
15421,2011-02-01
15422,2011-01-01
15423,2011-11-01
15424,2011-03-01
15426,2010-12-01
15427,2011-10-01
15428,2011-11-01
15429,2011-09-01
15432,2011-11-01
15433,2011-03-01
15434,2011-05-01
15435,2011-11-01
15436,2011-04-01
15437,2011-03-01
15438,2011-07-01
15440,2011-05-01
15442,2011-04-01
15443,2011-01-01
15444,2011-10-01
15445,2011-03-01
15447,2011-01-01
15448,2011-01-01
15449,2011-03-01
15450,2011-11-01
15452,2011-03-01
15453,2011-06-01
15454,2010-12-01
15456,2010-12-01
15457,2011-03-01
15458,2011-11-01
15460,2010-12-01
15462,2011-06-01
15463,2011-11-01
15464,2011-01-01
15465,2010-12-01
15466,2011-09-01
15467,2011-07-01
15468,2011-10-01
15469,2011-08-01
15471,2011-12-01
15472,2011-08-01
15473,2011-10-01
15475,2011-09-01
15478,2011-10-01
15480,2011-08-01
15482,2010-12-01
15483,2011-03-01
15484,2011-09-01
15485,2010-12-01
15488,2011-09-01
15489,2011-05-01
15491,2011-04-01
15492,2011-09-01
15493,2011-03-01
15494,2011-08-01
15497,2011-01-01
15498,2010-12-01
15500,2011-09-01
15502,2010-12-01
15503,2010-12-01
15504,2011-09-01
15505,2011-07-01
15506,2011-07-01
15507,2011-06-01
15508,2011-04-01
15510,2011-01-01
15511,2011-09-01
15512,2010-12-01
15513,2010-12-01
15514,2010-12-01
15516,2011-10-01
15517,2011-04-01
15518,2011-01-01
15520,2011-12-01
15521,2011-03-01
15522,2011-09-01
15523,2011-09-01
15524,2011-11-01
15525,2010-12-01
15526,2011-11-01
15527,2010-12-01
15528,2011-03-01
15529,2010-12-01
15530,2011-04-01
15531,2011-11-01
15532,2010-12-01
15533,2011-09-01
15535,2011-01-01
15537,2011-06-01
15539,2011-12-01
15540,2011-11-01
15541,2011-08-01
15543,2011-02-01
15544,2010-12-01
15545,2010-12-01
15547,2010-12-01
15549,2011-01-01
15550,2011-02-01
15551,2011-11-01
15552,2011-05-01
15553,2011-10-01
15554,2011-03-01
15555,2010-12-01
15556,2011-11-01
15557,2011-11-01
15561,2011-05-01
15562,2010-12-01
15563,2010-12-01
15565,2011-09-01
15567,2011-11-01
15568,2011-09-01
15569,2011-01-01
15570,2010-12-01
15571,2011-09-01
15572,2011-03-01
15573,2011-09-01
15574,2010-12-01
15576,2011-11-01
15577,2011-02-01
15578,2011-06-01
15579,2011-01-01
15581,2010-12-01
15582,2011-05-01
15584,2011-06-01
15585,2011-06-01
15587,2010-12-01
15589,2011-02-01
15592,2011-10-01
15593,2011-09-01
15594,2011-04-01
15596,2010-12-01
15597,2011-11-01
15598,2011-10-01
15599,2011-05-01
15601,2010-12-01
15602,2010-12-01
15603,2011-09-01
15604,2011-10-01
15605,2010-12-01
15606,2011-01-01
15607,2011-01-01
15608,2011-08-01
15609,2011-06-01
15610,2011-10-01
15611,2011-01-01
15612,2011-10-01
15615,2010-12-01
15618,2011-07-01
15619,2011-11-01
15620,2010-12-01
15621,2011-11-01
15622,2011-03-01
15623,2011-07-01
15624,2011-03-01
15625,2011-04-01
15626,2011-01-01
15628,2010-12-01
15630,2011-05-01
15632,2011-03-01
15634,2011-11-01
15636,2011-03-01
15637,2011-10-01
15639,2011-07-01
15640,2010-12-01
15641,2010-12-01
15643,2011-03-01
15644,2011-03-01
15645,2011-11-01
15646,2010-12-01
15648,2011-03-01
15649,2010-12-01
15651,2011-03-01
15652,2011-09-01
15653,2011-08-01
15654,2011-11-01
15655,2011-04-01
15656,2011-02-01
15657,2011-11-01
15658,2010-12-01
15659,2011-10-01
15660,2010-12-01
15661,2011-01-01
15663,2011-08-01
15664,2011-10-01
15665,2011-04-01
15667,2011-10-01
15668,2011-05-01
15669,2011-03-01
15670,2011-02-01
15671,2011-03-01
15673,2011-01-01
15674,2011-03-01
15675,2011-03-01
15676,2011-03-01
15677,2011-10-01
15678,2011-10-01
15679,2011-06-01
15680,2010-12-01
15681,2011-03-01
15683,2011-08-01
15687,2011-01-01
15689,2010-12-01
15690,2011-08-01
15691,2011-04-01
15692,2011-11-01
15694,2010-12-01
15695,2011-03-01
15696,2011-01-01
15699,2011-11-01
15700,2011-06-01
15701,2011-08-01
15703,2011-03-01
15704,2011-05-01
15705,2011-05-01
15706,2011-08-01
15707,2011-09-01
15708,2010-12-01
15709,2011-03-01
15712,2011-02-01
15713,2010-12-01
15714,2011-09-01
15716,2010-12-01
15717,2011-04-01
15719,2011-01-01
15720,2011-11-01
15721,2011-11-01
15722,2011-02-01
15723,2010-12-01
15724,2011-02-01
15725,2011-11-01
15727,2010-12-01
15729,2011-05-01
15730,2011-05-01
15732,2010-12-01
15733,2011-03-01
15734,2011-05-01
15737,2011-04-01
15738,2010-12-01
15739,2011-10-01
15740,2011-10-01
15743,2011-06-01
15744,2011-09-01
15745,2011-04-01
15746,2011-07-01
15747,2011-06-01
15748,2011-10-01
15749,2011-01-01
15750,2010-12-01
15752,2010-12-01
15753,2011-02-01
15754,2011-04-01
15755,2011-02-01
15756,2011-04-01
15757,2011-05-01
15758,2011-11-01
15759,2010-12-01
15762,2011-09-01
15763,2011-09-01
15764,2011-03-01
15766,2011-10-01
15768,2011-04-01
15769,2010-12-01
15773,2011-12-01
15774,2011-10-01
15775,2011-04-01
15776,2011-07-01
15777,2010-12-01
15780,2010-12-01
15781,2011-02-01
15782,2011-09-01
15783,2011-11-01
15785,2011-02-01
15786,2011-08-01
15787,2011-10-01
15789,2010-12-01
15790,2011-11-01
15791,2011-05-01
15793,2011-03-01
15795,2011-07-01
15796,2011-02-01
15797,2011-01-01
15799,2011-01-01
15800,2011-04-01
15801,2011-08-01
15802,2011-07-01
15803,2011-10-01
15804,2011-05-01
15805,2010-12-01
15806,2011-03-01
15807,2011-09-01
15808,2010-12-01
15809,2011-02-01
15810,2011-02-01
15811,2010-12-01
15812,2011-01-01
15813,2011-04-01
15814,2011-10-01
15815,2011-03-01
15819,2011-03-01
15820,2011-01-01
15821,2011-10-01
15822,2010-12-01
15823,2010-12-01
15825,2011-06-01
15826,2011-05-01
15827,2010-12-01
15829,2011-07-01
15830,2011-11-01
15831,2011-01-01
15832,2011-03-01
15834,2011-03-01
15835,2011-01-01
15836,2011-10-01
15837,2011-10-01
15838,2010-12-01
15839,2011-07-01
15840,2011-06-01
15841,2011-01-01
15843,2011-02-01
15844,2011-10-01
15845,2011-01-01
15847,2011-02-01
15850,2011-06-01
15852,2011-05-01
15853,2011-10-01
15854,2010-12-01
15855,2011-03-01
15856,2010-12-01
15857,2011-11-01
15858,2010-12-01
15860,2010-12-01
15861,2011-03-01
15862,2010-12-01
15863,2011-05-01
15864,2011-01-01
15865,2011-05-01
15866,2011-08-01
15867,2010-12-01
15869,2011-03-01
15870,2011-11-01
15872,2011-11-01
15874,2011-02-01
15877,2011-11-01
15880,2010-12-01
15881,2010-12-01
15882,2010-12-01
15883,2011-11-01
15885,2011-02-01
15886,2011-10-01
15888,2011-09-01
15889,2010-12-01
15891,2011-04-01
15894,2010-12-01
15895,2011-07-01
15897,2011-05-01
15898,2010-12-01
15899,2010-12-01
15900,2011-11-01
15901,2011-07-01
15903,2011-02-01
15904,2011-12-01
15906,2011-03-01
15907,2011-05-01
15909,2011-06-01
15910,2011-01-01
15912,2011-04-01
15916,2010-12-01
15917,2011-04-01
15918,2011-03-01
15919,2010-12-01
15920,2011-07-01
15921,2011-06-01
15922,2010-12-01
15923,2010-12-01
15925,2011-05-01
15930,2011-10-01
15932,2011-02-01
15933,2011-09-01
15935,2011-04-01
15937,2011-10-01
15938,2011-01-01
15939,2011-01-01
15940,2011-02-01
15942,2011-07-01
15944,2011-03-01
15945,2010-12-01
15947,2011-09-01
15948,2011-10-01
15949,2011-09-01
15950,2010-12-01
15951,2011-02-01
15952,2011-04-01
15953,2010-12-01
15955,2010-12-01
15957,2011-11-01
15958,2011-09-01
15963,2011-10-01
15965,2010-12-01
15967,2011-01-01
15969,2011-06-01
15970,2011-02-01
15971,2011-02-01
15973,2010-12-01
15974,2011-02-01
15975,2011-09-01
15976,2011-05-01
15977,2011-10-01
15978,2011-09-01
15980,2011-03-01
15981,2011-02-01
15983,2010-12-01
15984,2010-12-01
15985,2011-04-01
15986,2011-11-01
15987,2010-12-01
15988,2011-11-01
15990,2011-02-01
15992,2011-12-01
15993,2011-10-01
15994,2011-10-01
15996,2010-12-01
15998,2010-12-01
16000,2011-12-01
16003,2010-12-01
16005,2011-03-01
16006,2011-05-01
16007,2011-05-01
16008,2011-05-01
16009,2011-07-01
16010,2010-12-01
16011,2010-12-01
16012,2011-07-01
16013,2010-12-01
16014,2011-02-01
16015,2011-10-01
16016,2010-12-01
16017,2011-10-01
16018,2011-06-01
16019,2010-12-01
16020,2011-10-01
16022,2011-03-01
16023,2011-03-01
16024,2011-11-01
16025,2011-11-01
16026,2011-10-01
16027,2011-02-01
16029,2010-12-01
16030,2011-02-01
16031,2011-04-01
16033,2010-12-01
16034,2011-01-01
16036,2011-03-01
16037,2010-12-01
16038,2011-05-01
16040,2011-03-01
16041,2011-07-01
16042,2011-01-01
16043,2011-01-01
16045,2011-02-01
16048,2010-12-01
16049,2011-09-01
16050,2011-06-01
16052,2011-10-01
16053,2011-08-01
16054,2011-07-01
16055,2011-05-01
16056,2011-10-01
16057,2011-02-01
16059,2010-12-01
16062,2010-12-01
16063,2011-03-01
16065,2010-12-01
16066,2011-08-01
16070,2011-11-01
16071,2011-10-01
16072,2011-02-01
16073,2011-02-01
16076,2011-05-01
16078,2011-03-01
16079,2011-10-01
16080,2011-03-01
16081,2010-12-01
16083,2010-12-01
16084,2011-02-01
16085,2011-01-01
16086,2010-12-01
16091,2011-05-01
16092,2011-03-01
16093,2011-08-01
16094,2011-05-01
16096,2011-03-01
16097,2011-04-01
16098,2010-12-01
16099,2011-04-01
16101,2011-09-01
16102,2011-08-01
16103,2011-04-01
16104,2011-10-01
16105,2011-04-01
16106,2011-10-01
16107,2011-06-01
16108,2011-09-01
16109,2011-02-01
16110,2011-02-01
16112,2011-01-01
16113,2011-06-01
16114,2011-06-01
16115,2011-02-01
16116,2011-05-01
16117,2011-06-01
16119,2011-09-01
16120,2011-10-01
16121,2011-05-01
16122,2010-12-01
16123,2011-10-01
16124,2011-01-01
16125,2010-12-01
16126,2011-02-01
16127,2011-10-01
16128,2011-03-01
16131,2011-04-01
16133,2011-01-01
16134,2010-12-01
16135,2011-03-01
16136,2011-03-01
16139,2011-05-01
16140,2010-12-01
16141,2011-09-01
16142,2011-04-01
16143,2010-12-01
16144,2011-04-01
16145,2010-12-01
16146,2011-04-01
16147,2011-07-01
16148,2011-02-01
16149,2011-07-01
16150,2010-12-01
16152,2011-03-01
16153,2010-12-01
16156,2011-02-01
16157,2011-09-01
16159,2011-03-01
16160,2011-09-01
16161,2010-12-01
16162,2011-04-01
16163,2010-12-01
16164,2011-10-01
16168,2010-12-01
16169,2011-09-01
16170,2011-04-01
16171,2011-10-01
16172,2011-04-01
16173,2011-09-01
16174,2011-07-01
16175,2011-04-01
16177,2011-10-01
16178,2011-07-01
16179,2011-10-01
16180,2011-04-01
16181,2011-09-01
16182,2011-02-01
16183,2011-10-01
16184,2011-05-01
16185,2011-04-01
16186,2010-12-01
16187,2011-02-01
16188,2011-04-01
16189,2011-09-01
16190,2011-10-01
16191,2010-12-01
16193,2011-04-01
16198,2011-09-01
16200,2011-06-01
16201,2011-08-01
16202,2010-12-01
16203,2010-12-01
16204,2011-11-01
16205,2011-06-01
16206,2011-01-01
16207,2011-11-01
16208,2011-02-01
16209,2011-04-01
16210,2010-12-01
16211,2011-09-01
16212,2011-03-01
16213,2011-09-01
16214,2011-03-01
16215,2011-09-01
16216,2011-03-01
16217,2011-03-01
16218,2010-12-01
16221,2010-12-01
16222,2011-01-01
16224,2011-04-01
16225,2011-03-01
16226,2011-04-01
16227,2011-04-01
16229,2011-05-01
16230,2011-05-01
16232,2011-05-01
16233,2010-12-01
16235,2011-01-01
16236,2011-09-01
16239,2011-06-01
16240,2011-09-01
16241,2010-12-01
16242,2011-03-01
16243,2011-10-01
16244,2010-12-01
16245,2011-03-01
16247,2011-06-01
16248,2011-10-01
16249,2011-04-01
16250,2010-12-01
16253,2011-03-01
16255,2010-12-01
16256,2011-03-01
16257,2011-06-01
16258,2011-05-01
16260,2011-10-01
16261,2011-04-01
16265,2010-12-01
16266,2011-05-01
16268,2011-09-01
16270,2010-12-01
16271,2010-12-01
16272,2011-08-01
16274,2010-12-01
16275,2011-05-01
16276,2011-06-01
16278,2011-08-01
16279,2011-06-01
16281,2011-09-01
16282,2011-01-01
16283,2011-05-01
16284,2011-10-01
16287,2011-06-01
16292,2011-08-01
16293,2010-12-01
16295,2011-10-01
16297,2011-03-01
16298,2011-06-01
16302,2011-08-01
16303,2011-01-01
16305,2011-07-01
16306,2010-12-01
16308,2011-03-01
16309,2011-04-01
16311,2011-10-01
16313,2011-10-01
16315,2011-01-01
16316,2010-12-01
16317,2011-02-01
16318,2011-11-01
16319,2011-05-01
16320,2011-05-01
16321,2011-01-01
16322,2011-11-01
16323,2011-05-01
16324,2011-06-01
16325,2011-04-01
16326,2011-01-01
16327,2010-12-01
16330,2011-08-01
16332,2011-02-01
16333,2011-02-01
16337,2011-11-01
16338,2011-07-01
16339,2011-02-01
16340,2011-08-01
16341,2011-05-01
16342,2011-06-01
16343,2011-11-01
16344,2011-07-01
16345,2011-10-01
16347,2011-11-01
16348,2011-04-01
16349,2011-02-01
16350,2011-01-01
16351,2011-01-01
16352,2011-11-01
16353,2010-12-01
16354,2011-09-01
16356,2011-03-01
16357,2011-05-01
16358,2011-06-01
16359,2011-01-01
16360,2011-09-01
16361,2011-09-01
16362,2011-09-01
16363,2011-10-01
16364,2011-07-01
16365,2010-12-01
16366,2011-11-01
16367,2010-12-01
16368,2011-11-01
16369,2011-05-01
16370,2011-04-01
16372,2011-11-01
16374,2011-03-01
16376,2011-11-01
16377,2011-03-01
16378,2011-02-01
16379,2011-09-01
16380,2011-10-01
16383,2011-03-01
16384,2011-03-01
16385,2010-12-01
16386,2011-03-01
16387,2011-01-01
16389,2011-03-01
16392,2011-03-01
16393,2010-12-01
16394,2011-02-01
16395,2011-01-01
16398,2011-03-01
16399,2011-04-01
16400,2011-09-01
16401,2011-01-01
16402,2010-12-01
16403,2011-01-01
16404,2011-09-01
16405,2011-02-01
16406,2011-11-01
16407,2011-01-01
16409,2011-01-01
16411,2010-12-01
16412,2011-10-01
16413,2011-10-01
16414,2011-03-01
16415,2011-10-01
16416,2011-10-01
16418,2011-04-01
16419,2011-02-01
16422,2010-12-01
16423,2011-11-01
16424,2011-06-01
16425,2011-02-01
16426,2011-03-01
16427,2011-02-01
16429,2011-08-01
16430,2011-10-01
16431,2011-02-01
16432,2011-10-01
16433,2011-11-01
16434,2011-02-01
16438,2011-09-01
16440,2011-05-01
16441,2011-02-01
16442,2010-12-01
16444,2011-03-01
16445,2011-11-01
16446,2011-05-01
16447,2011-07-01
16448,2011-05-01
16449,2011-03-01
16450,2011-07-01
16451,2011-09-01
16454,2011-10-01
16455,2010-12-01
16456,2010-12-01
16457,2011-05-01
16458,2010-12-01
16460,2011-09-01
16461,2011-06-01
16462,2011-03-01
16463,2011-05-01
16464,2011-07-01
16466,2011-02-01
16468,2011-09-01
16469,2011-04-01
16470,2010-12-01
16471,2011-03-01
16473,2011-01-01
16474,2011-07-01
16475,2011-03-01
16477,2010-12-01
16478,2011-10-01
16479,2011-11-01
16480,2011-09-01
16482,2011-11-01
16483,2011-05-01
16484,2011-06-01
16485,2011-09-01
16488,2011-07-01
16491,2011-10-01
16493,2011-01-01
16494,2011-02-01
16495,2011-03-01
16496,2011-01-01
16497,2011-01-01
16498,2011-06-01
16499,2010-12-01
16500,2011-01-01
16503,2010-12-01
16504,2011-11-01
16505,2011-11-01
16506,2011-10-01
16509,2011-02-01
16510,2010-12-01
16511,2011-03-01
16513,2011-10-01
16515,2011-02-01
16516,2011-11-01
16517,2011-03-01
16518,2011-02-01
16519,2010-12-01
16520,2010-12-01
16523,2011-01-01
16525,2010-12-01
16526,2011-06-01
16527,2011-09-01
16528,2011-12-01
16529,2011-06-01
16531,2010-12-01
16532,2011-01-01
16533,2011-10-01
16535,2011-12-01
16536,2011-08-01
16539,2010-12-01
16542,2011-10-01
16545,2011-06-01
16546,2010-12-01
16549,2011-01-01
16550,2010-12-01
16551,2011-01-01
16552,2010-12-01
16553,2010-12-01
16554,2011-01-01
16555,2011-08-01
16556,2010-12-01
16557,2011-07-01
16558,2010-12-01
16560,2010-12-01
16561,2011-10-01
16563,2011-10-01
16565,2010-12-01
16566,2011-02-01
16567,2011-01-01
16569,2011-12-01
16570,2011-02-01
16571,2011-03-01
16572,2011-03-01
16573,2011-02-01
16574,2011-09-01
16581,2011-06-01
16582,2011-08-01
16583,2010-12-01
16584,2011-03-01
16586,2011-04-01
16587,2011-04-01
16589,2011-07-01
16591,2011-10-01
16592,2011-02-01
16593,2011-01-01
16594,2011-09-01
16595,2011-10-01
16596,2010-12-01
16597,2011-12-01
16598,2011-02-01
16600,2011-01-01
16601,2011-10-01
16602,2011-11-01
16603,2011-09-01
16607,2010-12-01
16609,2011-04-01
16610,2011-05-01
16611,2011-06-01
16612,2011-02-01
16613,2011-09-01
16614,2011-06-01
16616,2011-07-01
16617,2011-04-01
16618,2011-01-01
16619,2011-03-01
16620,2011-03-01
16621,2011-03-01
16623,2011-04-01
16624,2011-05-01
16625,2011-03-01
16626,2011-03-01
16627,2011-09-01
16628,2011-04-01
16629,2011-09-01
16633,2011-04-01
16634,2010-12-01
16637,2011-04-01
16638,2010-12-01
16639,2011-04-01
16641,2011-08-01
16642,2011-05-01
16643,2011-04-01
16644,2011-05-01
16647,2011-05-01
16648,2011-10-01
16650,2011-09-01
16652,2011-03-01
16653,2011-09-01
16654,2010-12-01
16655,2011-01-01
16656,2010-12-01
16657,2011-03-01
16658,2010-12-01
16659,2011-06-01
16660,2011-01-01
16665,2010-12-01
16666,2011-11-01
16667,2011-02-01
16668,2011-02-01
16669,2011-09-01
16670,2010-12-01
16671,2011-06-01
16672,2011-03-01
16674,2011-09-01
16676,2011-01-01
16678,2011-03-01
16679,2010-12-01
16680,2011-10-01
16681,2011-03-01
16682,2011-06-01
16684,2010-12-01
16685,2011-10-01
16686,2010-12-01
16688,2011-10-01
16689,2011-09-01
16690,2011-05-01
16692,2011-02-01
16693,2011-03-01
16696,2011-04-01
16697,2011-04-01
16698,2011-03-01
16700,2010-12-01
16701,2010-12-01
16705,2010-12-01
16706,2011-08-01
16708,2011-10-01
16709,2011-03-01
16710,2010-12-01
16711,2010-12-01
16712,2011-03-01
16713,2010-12-01
16714,2011-01-01
16715,2011-09-01
16716,2011-02-01
16717,2010-12-01
16718,2010-12-01
16719,2010-12-01
16720,2011-11-01
16721,2011-03-01
16722,2010-12-01
16723,2011-08-01
16725,2010-12-01
16726,2010-12-01
16727,2010-12-01
16728,2011-03-01
16729,2011-04-01
16730,2011-01-01
16732,2011-11-01
16734,2011-08-01
16735,2011-01-01
16737,2011-10-01
16738,2011-02-01
16739,2011-06-01
16742,2011-10-01
16743,2010-12-01
16744,2011-06-01
16745,2011-02-01
16746,2010-12-01
16747,2011-10-01
16748,2011-01-01
16750,2011-04-01
16751,2011-11-01
16752,2010-12-01
16753,2011-10-01
16754,2010-12-01
16755,2011-01-01
16756,2011-05-01
16757,2011-01-01
16758,2011-10-01
16759,2011-11-01
16761,2011-09-01
16762,2011-07-01
16763,2011-05-01
16764,2011-07-01
16765,2011-02-01
16766,2011-03-01
16767,2011-01-01
16768,2011-03-01
16769,2011-03-01
16770,2010-12-01
16771,2011-01-01
16773,2011-10-01
16774,2011-06-01
16775,2010-12-01
16776,2011-10-01
16777,2011-03-01
16778,2011-03-01
16779,2010-12-01
16780,2011-03-01
16781,2010-12-01
16782,2010-12-01
16784,2011-11-01
16788,2011-03-01
16789,2011-12-01
16790,2011-11-01
16791,2011-01-01
16792,2011-03-01
16793,2011-10-01
16794,2011-06-01
16795,2010-12-01
16796,2011-09-01
16800,2011-11-01
16801,2011-03-01
16803,2011-10-01
16804,2011-03-01
16805,2010-12-01
16806,2011-04-01
16807,2011-03-01
16808,2011-03-01
16809,2011-03-01
16810,2011-05-01
16811,2011-11-01
16812,2010-12-01
16813,2011-05-01
16814,2010-12-01
16816,2010-12-01
16817,2010-12-01
16818,2011-05-01
16820,2011-09-01
16823,2011-04-01
16824,2011-06-01
16825,2011-06-01
16826,2011-10-01
16828,2011-08-01
16829,2011-07-01
16830,2011-11-01
16832,2011-05-01
16833,2011-01-01
16834,2011-04-01
16835,2010-12-01
16836,2011-08-01
16837,2011-04-01
16838,2011-02-01
16839,2010-12-01
16841,2011-02-01
16842,2011-02-01
16843,2011-01-01
16846,2011-10-01
16847,2011-10-01
16848,2011-10-01
16849,2011-06-01
16850,2011-01-01
16851,2011-10-01
16852,2011-06-01
16855,2011-10-01
16856,2011-11-01
16858,2010-12-01
16859,2011-03-01
16861,2011-07-01
16863,2010-12-01
16866,2011-07-01
16869,2011-06-01
16871,2011-03-01
16872,2011-06-01
16873,2010-12-01
16875,2011-01-01
16877,2011-05-01
16878,2011-09-01
16880,2011-06-01
16881,2011-10-01
16882,2011-01-01
16883,2010-12-01
16884,2011-11-01
16885,2010-12-01
16887,2011-11-01
16889,2011-01-01
16891,2010-12-01
16892,2011-06-01
16893,2010-12-01
16895,2011-10-01
16897,2011-01-01
16898,2010-12-01
16899,2010-12-01
16900,2011-10-01
16902,2011-08-01
16903,2011-11-01
16904,2010-12-01
16905,2010-12-01
16906,2011-04-01
16907,2010-12-01
16909,2011-09-01
16910,2011-09-01
16912,2011-01-01
16913,2011-02-01
16914,2011-11-01
16915,2011-03-01
16916,2010-12-01
16917,2011-03-01
16918,2011-01-01
16919,2010-12-01
16921,2011-10-01
16923,2010-12-01
16924,2011-09-01
16926,2010-12-01
16927,2010-12-01
16928,2010-12-01
16929,2011-07-01
16930,2011-10-01
16931,2010-12-01
16932,2011-10-01
16933,2011-04-01
16934,2011-10-01
16936,2011-11-01
16938,2011-02-01
16940,2011-02-01
16942,2011-04-01
16943,2011-01-01
16945,2010-12-01
16947,2011-04-01
16948,2011-01-01
16949,2011-01-01
16950,2010-12-01
16951,2011-02-01
16952,2011-08-01
16953,2011-11-01
16954,2010-12-01
16955,2010-12-01
16956,2011-11-01
16957,2011-03-01
16959,2011-09-01
16960,2011-04-01
16961,2011-08-01
16963,2011-06-01
16965,2011-04-01
16966,2011-04-01
16967,2011-06-01
16968,2011-08-01
16969,2011-06-01
16971,2011-11-01
16976,2011-03-01
16978,2011-09-01
16979,2011-02-01
16980,2011-02-01
16982,2011-10-01
16983,2010-12-01
16984,2011-08-01
16985,2010-12-01
16986,2011-11-01
16987,2011-05-01
16988,2011-12-01
16989,2011-07-01
16990,2011-05-01
16992,2011-02-01
16996,2010-12-01
16997,2011-01-01
16998,2011-02-01
16999,2011-09-01
17001,2010-12-01
17002,2011-02-01
17004,2011-09-01
17006,2011-09-01
17007,2010-12-01
17010,2011-11-01
17011,2011-11-01
17014,2011-10-01
17015,2011-06-01
17017,2010-12-01
17018,2011-01-01
17019,2010-12-01
17022,2011-11-01
17024,2011-07-01
17025,2010-12-01
17026,2010-12-01
17027,2011-01-01
17029,2011-04-01
17030,2011-10-01
17031,2011-07-01
17033,2010-12-01
17034,2011-02-01
17035,2011-02-01
17037,2011-09-01
17038,2011-11-01
17040,2011-07-01
17041,2010-12-01
17042,2011-04-01
17043,2011-03-01
17044,2011-11-01
17045,2011-04-01
17046,2011-07-01
17047,2011-05-01
17048,2011-01-01
17049,2011-03-01
17050,2011-02-01
17051,2011-05-01
17052,2011-11-01
17053,2011-08-01
17054,2011-04-01
17058,2011-04-01
17059,2010-12-01
17060,2011-03-01
17061,2011-04-01
17062,2010-12-01
17063,2011-02-01
17064,2011-01-01
17068,2010-12-01
17069,2010-12-01
17070,2011-08-01
17071,2011-02-01
17073,2011-08-01
17075,2011-01-01
17076,2010-12-01
17078,2011-11-01
17079,2011-09-01
17080,2011-03-01
17081,2011-10-01
17082,2011-01-01
17083,2011-02-01
17084,2011-11-01
17085,2010-12-01
17086,2011-10-01
17088,2011-03-01
17090,2010-12-01
17091,2010-12-01
17092,2011-03-01
17094,2011-01-01
17095,2011-01-01
17096,2011-03-01
17097,2010-12-01
17100,2011-11-01
17101,2011-06-01
17102,2011-03-01
17105,2011-02-01
17107,2011-03-01
17109,2011-04-01
17110,2011-06-01
17111,2011-10-01
17114,2011-01-01
17115,2011-04-01
17117,2011-02-01
17118,2011-01-01
17119,2011-10-01
17120,2011-04-01
17122,2011-08-01
17123,2011-07-01
17124,2011-06-01
17125,2011-10-01
17126,2010-12-01
17128,2011-01-01
17131,2011-09-01
17133,2011-03-01
17134,2011-03-01
17135,2010-12-01
17138,2011-03-01
17139,2011-02-01
17140,2011-04-01
17142,2011-04-01
17144,2011-09-01
17146,2010-12-01
17147,2011-02-01
17148,2011-10-01
17152,2011-03-01
17153,2011-11-01
17154,2011-09-01
17155,2011-06-01
17157,2011-06-01
17158,2010-12-01
17159,2011-06-01
17160,2011-04-01
17162,2011-02-01
17163,2011-09-01
17164,2011-03-01
17165,2011-02-01
17166,2011-05-01
17169,2011-06-01
17171,2011-02-01
17172,2011-09-01
17173,2011-07-01
17174,2011-05-01
17175,2011-02-01
17176,2011-05-01
17179,2010-12-01
17180,2011-01-01
17181,2010-12-01
17183,2011-08-01
17186,2011-10-01
17187,2011-04-01
17188,2010-12-01
17189,2010-12-01
17190,2011-05-01
17191,2010-12-01
17193,2011-06-01
17194,2010-12-01
17197,2011-11-01
17198,2010-12-01
17201,2011-10-01
17203,2011-10-01
17204,2011-03-01
17205,2011-10-01
17206,2011-10-01
17211,2010-12-01
17212,2011-03-01
17213,2010-12-01
17214,2010-12-01
17217,2011-04-01
17218,2010-12-01
17219,2011-11-01
17220,2010-12-01
17221,2011-11-01
17222,2011-10-01
17223,2010-12-01
17226,2011-02-01
17227,2010-12-01
17228,2010-12-01
17229,2011-07-01
17230,2010-12-01
17231,2010-12-01
17232,2011-11-01
17233,2011-11-01
17234,2011-06-01
17235,2010-12-01
17236,2010-12-01
17237,2011-11-01
17238,2010-12-01
17239,2011-01-01
17242,2011-06-01
17243,2010-12-01
17244,2011-10-01
17245,2011-05-01
17247,2011-11-01
17248,2011-08-01
17250,2011-03-01
17251,2010-12-01
17252,2011-06-01
17253,2011-11-01
17254,2011-11-01
17255,2011-02-01
17256,2011-01-01
17259,2010-12-01
17262,2010-12-01
17263,2011-05-01
17265,2011-06-01
17266,2011-07-01
17267,2011-08-01
17268,2011-04-01
17272,2011-03-01
17274,2011-11-01
17277,2011-01-01
17278,2011-04-01
17279,2011-10-01
17282,2011-02-01
17284,2011-01-01
17286,2011-11-01
17287,2010-12-01
17288,2010-12-01
17289,2011-06-01
17290,2011-11-01
17291,2011-02-01
17293,2010-12-01
17295,2011-10-01
17297,2011-11-01
17298,2011-08-01
17299,2011-06-01
17301,2011-11-01
17302,2011-02-01
17303,2010-12-01
17306,2010-12-01
17309,2011-09-01
17311,2011-01-01
17312,2011-07-01
17313,2011-11-01
17314,2011-01-01
17315,2010-12-01
17317,2011-09-01
17320,2010-12-01
17321,2011-10-01
17323,2011-02-01
17324,2010-12-01
17325,2011-03-01
17329,2011-01-01
17330,2011-10-01
17331,2011-08-01
17333,2011-09-01
17334,2011-02-01
17337,2011-02-01
17338,2010-12-01
17339,2010-12-01
17340,2010-12-01
17341,2010-12-01
17343,2010-12-01
17344,2011-10-01
17345,2011-05-01
17346,2010-12-01
17347,2011-09-01
17348,2011-02-01
17349,2011-06-01
17350,2011-10-01
17351,2011-03-01
17353,2011-07-01
17354,2011-10-01
17356,2011-02-01
17357,2011-11-01
17358,2010-12-01
17359,2011-11-01
17360,2011-06-01
17361,2011-02-01
17362,2011-02-01
17364,2011-01-01
17365,2011-01-01
17367,2011-04-01
17368,2011-01-01
17370,2011-06-01
17371,2010-12-01
17372,2010-12-01
17373,2011-01-01
17374,2011-03-01
17375,2010-12-01
17376,2011-02-01
17377,2010-12-01
17379,2011-11-01
17381,2010-12-01
17382,2011-10-01
17383,2011-12-01
17384,2011-05-01
17385,2011-11-01
17386,2011-06-01
17387,2011-11-01
17388,2011-02-01
17389,2011-01-01
17391,2011-06-01
17392,2010-12-01
17394,2011-05-01
17396,2010-12-01
17397,2011-11-01
17398,2011-03-01
17400,2010-12-01
17402,2010-12-01
17403,2011-11-01
17404,2010-12-01
17405,2011-07-01
17406,2010-12-01
17408,2011-06-01
17409,2011-04-01
17410,2011-05-01
17411,2011-03-01
17412,2010-12-01
17414,2011-06-01
17415,2011-09-01
17416,2011-03-01
17418,2011-01-01
17419,2010-12-01
17420,2010-12-01
17422,2011-02-01
17423,2011-05-01
17425,2011-10-01
17426,2011-03-01
17427,2011-09-01
17428,2010-12-01
17429,2011-05-01
17430,2010-12-01
17431,2011-01-01
17432,2011-11-01
17433,2011-09-01
17434,2011-09-01
17436,2011-04-01
17438,2011-03-01
17440,2011-04-01
17442,2011-02-01
17443,2011-05-01
17444,2011-06-01
17446,2011-02-01
17447,2011-09-01
17449,2010-12-01
17450,2010-12-01
17451,2011-08-01
17453,2011-10-01
17454,2010-12-01
17455,2011-05-01
17456,2010-12-01
17457,2011-01-01
17458,2011-11-01
17459,2011-10-01
17460,2010-12-01
17461,2011-11-01
17462,2011-02-01
17463,2011-01-01
17464,2011-07-01
17466,2011-09-01
17468,2011-11-01
17469,2011-05-01
17470,2010-12-01
17472,2011-02-01
17475,2011-09-01
17480,2011-09-01
17481,2011-09-01
17483,2011-06-01
17486,2011-03-01
17489,2011-05-01
17490,2011-06-01
17491,2010-12-01
17492,2011-04-01
17495,2011-11-01
17496,2010-12-01
17498,2011-09-01
17499,2011-02-01
17500,2011-11-01
17501,2011-05-01
17502,2011-11-01
17503,2011-11-01
17504,2011-01-01
17505,2011-05-01
17506,2011-09-01
17507,2011-02-01
17508,2011-03-01
17509,2011-10-01
17510,2011-11-01
17511,2010-12-01
17512,2011-02-01
17513,2011-09-01
17514,2011-08-01
17515,2011-01-01
17516,2011-02-01
17517,2011-02-01
17519,2010-12-01
17520,2011-10-01
17521,2011-05-01
17522,2011-05-01
17523,2011-11-01
17524,2010-12-01
17525,2010-12-01
17526,2010-12-01
17527,2011-05-01
17528,2011-09-01
17530,2010-12-01
17531,2011-06-01
17534,2011-10-01
17535,2011-03-01
17536,2011-06-01
17537,2011-02-01
17538,2011-11-01
17540,2011-01-01
17542,2011-03-01
17545,2011-10-01
17548,2011-04-01
17549,2011-10-01
17550,2011-04-01
17551,2010-12-01
17552,2010-12-01
17553,2011-08-01
17554,2011-07-01
17555,2011-01-01
17556,2011-05-01
17557,2011-09-01
17560,2011-02-01
17561,2011-11-01
17562,2011-06-01
17564,2011-09-01
17566,2011-11-01
17567,2010-12-01
17569,2011-01-01
17571,2011-02-01
17572,2010-12-01
17573,2011-09-01
17574,2011-04-01
17576,2010-12-01
17578,2011-05-01
17579,2011-06-01
17580,2010-12-01
17581,2010-12-01
17582,2011-04-01
17584,2011-08-01
17585,2011-01-01
17588,2011-04-01
17589,2011-04-01
17590,2011-10-01
17591,2010-12-01
17593,2010-12-01
17594,2011-03-01
17595,2011-11-01
17596,2010-12-01
17597,2011-05-01
17600,2011-11-01
17601,2011-04-01
17602,2011-01-01
17603,2011-09-01
17604,2011-01-01
17608,2011-11-01
17609,2011-01-01
17611,2010-12-01
17612,2011-02-01
17613,2011-02-01
17614,2011-10-01
17615,2011-05-01
17616,2010-12-01
17618,2010-12-01
17619,2011-01-01
17620,2011-10-01
17621,2010-12-01
17623,2011-11-01
17624,2011-05-01
17625,2011-03-01
17628,2011-09-01
17629,2010-12-01
17630,2011-04-01
17631,2011-04-01
17633,2011-08-01
17634,2011-01-01
17636,2011-11-01
17637,2011-08-01
17639,2011-03-01
17640,2011-09-01
17642,2011-06-01
17643,2010-12-01
17644,2011-03-01
17646,2010-12-01
17647,2011-10-01
17648,2011-04-01
17649,2011-07-01
17650,2011-11-01
17651,2011-06-01
17652,2011-03-01
17653,2011-08-01
17654,2011-03-01
17655,2010-12-01
17656,2011-08-01
17658,2011-05-01
17659,2010-12-01
17660,2011-07-01
17663,2011-02-01
17664,2011-05-01
17666,2011-10-01
17667,2011-02-01
17668,2011-11-01
17669,2011-04-01
17670,2011-04-01
17671,2010-12-01
17672,2011-02-01
17673,2011-01-01
17674,2010-12-01
17675,2010-12-01
17676,2010-12-01
17677,2010-12-01
17678,2011-03-01
17679,2011-09-01
17680,2011-11-01
17682,2010-12-01
17684,2011-10-01
17685,2010-12-01
17686,2011-02-01
17690,2010-12-01
17691,2010-12-01
17692,2010-12-01
17693,2011-07-01
17694,2011-07-01
17695,2011-06-01
17696,2010-12-01
17697,2011-04-01
17698,2011-03-01
17700,2011-03-01
17701,2011-04-01
17702,2011-05-01
17703,2011-07-01
17704,2011-04-01
17705,2011-02-01
17706,2010-12-01
17707,2011-01-01
17708,2011-01-01
17709,2011-06-01
17711,2011-02-01
17712,2011-10-01
17714,2011-01-01
17715,2011-05-01
17716,2011-03-01
17718,2011-04-01
17719,2011-03-01
17720,2010-12-01
17722,2010-12-01
17723,2011-05-01
17724,2011-07-01
17725,2011-03-01
17727,2011-11-01
17728,2011-09-01
17730,2011-01-01
17731,2011-06-01
17732,2010-12-01
17733,2011-03-01
17734,2011-04-01
17735,2010-12-01
17736,2011-08-01
17737,2011-10-01
17738,2011-03-01
17739,2010-12-01
17742,2011-01-01
17744,2010-12-01
17746,2011-04-01
17747,2011-08-01
17749,2011-03-01
17750,2011-06-01
17752,2010-12-01
17754,2011-03-01
17757,2010-12-01
17758,2011-04-01
17759,2011-06-01
17760,2010-12-01
17761,2011-11-01
17763,2011-03-01
17764,2011-05-01
17765,2011-03-01
17767,2011-11-01
17768,2011-06-01
17769,2011-01-01
17770,2011-03-01
17771,2011-01-01
17772,2011-11-01
17774,2011-02-01
17775,2011-03-01
17777,2011-08-01
17779,2011-07-01
17781,2011-03-01
17783,2011-04-01
17785,2011-10-01
17786,2011-01-01
17787,2010-12-01
17788,2011-08-01
17789,2011-03-01
17790,2010-12-01
17791,2011-11-01
17793,2011-11-01
17795,2011-03-01
17796,2010-12-01
17797,2011-06-01
17799,2010-12-01
17800,2011-01-01
17802,2010-12-01
17805,2011-09-01
17806,2011-11-01
17809,2010-12-01
17811,2011-01-01
17812,2010-12-01
17813,2011-09-01
17816,2010-12-01
17817,2011-03-01
17819,2010-12-01
17824,2011-10-01
17827,2010-12-01
17828,2011-06-01
17829,2011-02-01
17830,2011-02-01
17831,2011-11-01
17832,2011-10-01
17835,2011-11-01
17836,2011-10-01
17837,2011-06-01
17838,2010-12-01
17839,2011-10-01
17841,2010-12-01
17843,2011-02-01
17844,2011-08-01
17846,2011-09-01
17848,2010-12-01
17849,2011-01-01
17850,2010-12-01
17852,2011-11-01
17854,2011-04-01
17855,2010-12-01
17856,2011-03-01
17857,2010-12-01
17858,2010-12-01
17859,2011-02-01
17860,2010-12-01
17861,2011-01-01
17862,2011-01-01
17863,2010-12-01
17864,2011-03-01
17865,2010-12-01
17866,2011-07-01
17867,2011-02-01
17869,2010-12-01
17870,2010-12-01
17871,2011-05-01
17873,2010-12-01
17874,2011-03-01
17877,2011-06-01
17878,2011-10-01
17879,2011-06-01
17880,2010-12-01
17881,2011-02-01
17883,2011-04-01
17884,2010-12-01
17885,2011-11-01
17886,2011-04-01
17887,2011-08-01
17888,2010-12-01
17889,2011-01-01
17890,2010-12-01
17891,2011-06-01
17892,2011-07-01
17893,2011-04-01
17894,2010-12-01
17895,2011-10-01
17896,2011-11-01
17897,2010-12-01
17898,2011-05-01
17899,2011-07-01
17900,2011-06-01
17901,2011-11-01
17904,2011-11-01
17905,2010-12-01
17906,2011-04-01
17908,2010-12-01
17911,2011-11-01
17912,2010-12-01
17913,2010-12-01
17914,2011-12-01
17917,2010-12-01
17919,2011-09-01
17920,2010-12-01
17921,2011-03-01
17923,2011-03-01
17924,2010-12-01
17925,2010-12-01
17926,2011-05-01
17928,2011-04-01
17929,2011-02-01
17930,2011-04-01
17931,2011-03-01
17932,2011-05-01
17934,2011-10-01
17935,2011-07-01
17936,2011-12-01
17937,2010-12-01
17939,2011-07-01
17940,2011-02-01
17941,2011-08-01
17942,2011-12-01
17946,2011-03-01
17947,2011-11-01
17948,2011-07-01
17949,2010-12-01
17950,2010-12-01
17951,2010-12-01
17954,2010-12-01
17955,2011-05-01
17956,2011-04-01
17957,2011-10-01
17958,2011-08-01
17960,2011-06-01
17961,2010-12-01
17962,2011-07-01
17964,2010-12-01
17965,2010-12-01
17966,2011-03-01
17967,2010-12-01
17968,2010-12-01
17969,2010-12-01
17970,2011-05-01
17972,2011-04-01
17973,2011-10-01
17974,2011-05-01
17975,2010-12-01
17976,2010-12-01
17977,2011-11-01
17978,2010-12-01
17979,2011-03-01
17980,2010-12-01
17984,2011-07-01
17985,2011-11-01
17986,2011-10-01
17987,2011-06-01
17988,2011-01-01
17990,2010-12-01
17991,2011-04-01
17994,2011-02-01
17995,2011-03-01
17997,2011-06-01
17999,2010-12-01
18001,2011-09-01
18004,2010-12-01
18005,2011-10-01
18006,2011-11-01
18008,2011-01-01
18009,2011-04-01
18010,2011-03-01
18011,2010-12-01
18013,2011-07-01
18014,2011-11-01
18015,2011-12-01
18016,2010-12-01
18017,2011-02-01
18018,2011-05-01
18019,2011-10-01
18022,2011-11-01
18024,2011-07-01
18027,2011-09-01
18030,2011-10-01
18032,2011-01-01
18033,2011-10-01
18034,2011-11-01
18035,2011-10-01
18036,2011-04-01
18037,2010-12-01
18040,2011-04-01
18041,2010-12-01
18042,2011-10-01
18043,2010-12-01
18044,2010-12-01
18045,2011-10-01
18048,2011-05-01
18050,2010-12-01
18053,2011-09-01
18055,2010-12-01
18056,2011-02-01
18058,2011-11-01
18059,2011-10-01
18061,2010-12-01
18062,2011-01-01
18064,2011-04-01
18065,2010-12-01
18066,2011-09-01
18067,2011-10-01
18068,2011-02-01
18069,2011-01-01
18071,2010-12-01
18072,2011-06-01
18073,2011-05-01
18074,2010-12-01
18075,2010-12-01
18077,2010-12-01
18078,2011-03-01
18079,2011-04-01
18080,2011-04-01
18081,2011-07-01
18082,2011-11-01
18084,2011-11-01
18085,2010-12-01
18086,2011-03-01
18087,2011-02-01
18088,2011-10-01
18092,2010-12-01
18093,2011-02-01
18094,2011-02-01
18095,2011-01-01
18096,2011-10-01
18097,2010-12-01
18099,2011-08-01
18101,2011-07-01
18102,2010-12-01
18104,2011-11-01
18105,2011-11-01
18106,2011-01-01
18108,2011-03-01
18109,2010-12-01
18110,2011-11-01
18112,2011-06-01
18113,2010-12-01
18114,2011-02-01
18116,2010-12-01
18117,2011-11-01
18118,2010-12-01
18119,2010-12-01
18120,2011-05-01
18121,2011-07-01
18122,2011-07-01
18123,2011-11-01
18125,2011-01-01
18126,2011-10-01
18127,2011-07-01
18129,2011-04-01
18130,2011-10-01
18133,2011-05-01
18135,2011-06-01
18136,2011-01-01
18138,2011-02-01
18139,2011-11-01
18142,2011-05-01
18143,2011-07-01
18144,2010-12-01
18145,2011-01-01
18146,2011-05-01
18147,2011-08-01
18149,2011-03-01
18150,2011-05-01
18151,2011-02-01
18154,2011-10-01
18155,2011-02-01
18156,2010-12-01
18158,2011-09-01
18159,2011-02-01
18160,2011-05-01
18161,2011-01-01
18164,2011-11-01
18165,2011-06-01
18167,2011-08-01
18168,2010-12-01
18169,2011-10-01
18170,2011-05-01
18171,2011-01-01
18172,2011-02-01
18173,2011-03-01
18174,2011-12-01
18176,2010-12-01
18177,2011-03-01
18178,2010-12-01
18179,2011-01-01
18180,2011-07-01
18181,2011-11-01
18183,2011-03-01
18184,2011-11-01
18185,2011-04-01
18188,2011-02-01
18189,2011-03-01
18190,2011-01-01
18191,2011-03-01
18192,2011-09-01
18193,2011-06-01
18194,2011-09-01
18196,2011-02-01
18198,2011-01-01
18200,2011-08-01
18202,2011-02-01
18203,2011-07-01
18204,2011-05-01
18205,2011-09-01
18209,2011-11-01
18210,2011-03-01
18211,2011-03-01
18212,2011-01-01
18213,2011-04-01
18215,2011-09-01
18216,2011-11-01
18217,2011-09-01
18218,2011-03-01
18219,2010-12-01
18220,2011-04-01
18221,2011-05-01
18222,2011-09-01
18223,2010-12-01
18224,2011-03-01
18225,2010-12-01
18226,2011-01-01
18227,2011-05-01
18228,2011-09-01
18229,2010-12-01
18230,2011-02-01
18231,2011-02-01
18232,2011-05-01
18233,2011-01-01
18235,2011-05-01
18236,2011-04-01
18237,2011-07-01
18239,2010-12-01
18240,2011-10-01
18241,2011-05-01
18242,2011-05-01
18245,2010-12-01
18246,2011-04-01
18248,2011-06-01
18249,2011-11-01
18250,2011-02-01
18251,2011-09-01
18252,2011-06-01
18255,2011-09-01
18257,2011-02-01
18259,2010-12-01
18260,2010-12-01
18261,2011-09-01
18262,2011-07-01
18263,2011-04-01
18265,2011-07-01
18268,2011-07-01
18269,2010-12-01
18270,2011-03-01
18272,2011-04-01
18273,2011-03-01
18274,2011-11-01
18276,2011-10-01
18277,2011-10-01
18278,2011-09-01
18280,2011-03-01
18281,2011-06-01
18282,2011-08-01
18283,2011-01-01
18287,2011-05-01
