cohort_month,cohort_index,num_retained,cohort_size,retention_pct
2010-12-01,0,885,885,100.0
2010-12-01,1,324,885,36.6
2010-12-01,2,286,885,32.3
2010-12-01,3,340,885,38.4
2010-12-01,4,321,885,36.3
2010-12-01,5,352,885,39.8
2010-12-01,6,321,885,36.3
2010-12-01,7,309,885,34.9
2010-12-01,8,313,885,35.4
2010-12-01,9,350,885,39.5
2010-12-01,10,331,885,37.4
2010-12-01,11,445,885,50.3
2010-12-01,12,235,885,26.6
2011-01-01,0,417,417,100.0
2011-01-01,1,92,417,22.1
2011-01-01,2,111,417,26.6
2011-01-01,3,96,417,23.0
2011-01-01,4,134,417,32.1
2011-01-01,5,120,417,28.8
2011-01-01,6,103,417,24.7
2011-01-01,7,101,417,24.2
2011-01-01,8,125,417,30.0
2011-01-01,9,136,417,32.6
2011-01-01,10,152,417,36.5
2011-01-01,11,49,417,11.8
2011-02-01,0,380,380,100.0
2011-02-01,1,71,380,18.7
2011-02-01,2,71,380,18.7
2011-02-01,3,108,380,28.4
2011-02-01,4,103,380,27.1
2011-02-01,5,94,380,24.7
2011-02-01,6,96,380,25.3
2011-02-01,7,106,380,27.9
2011-02-01,8,94,380,24.7
2011-02-01,9,116,380,30.5
2011-02-01,10,26,380,6.8
2011-03-01,0,452,452,100.0
2011-03-01,1,68,452,15.0
2011-03-01,2,114,452,25.2
2011-03-01,3,90,452,19.9
2011-03-01,4,101,452,22.3
2011-03-01,5,76,452,16.8
2011-03-01,6,121,452,26.8
2011-03-01,7,104,452,23.0
2011-03-01,8,126,452,27.9
2011-03-01,9,39,452,8.6
2011-04-01,0,300,300,100.0
2011-04-01,1,64,300,21.3
2011-04-01,2,61,300,20.3
2011-04-01,3,63,300,21.0
2011-04-01,4,59,300,19.7
2011-04-01,5,68,300,22.7
2011-04-01,6,65,300,21.7
2011-04-01,7,78,300,26.0
2011-04-01,8,22,300,7.3
2011-05-01,0,284,284,100.0
2011-05-01,1,54,284,19.0
2011-05-01,2,49,284,17.3
2011-05-01,3,49,284,17.3
2011-05-01,4,59,284,20.8
2011-05-01,5,66,284,23.2
2011-05-01,6,75,284,26.4
2011-05-01,7,27,284,9.5
2011-06-01,0,242,242,100.0
2011-06-01,1,42,242,17.4
2011-06-01,2,38,242,15.7
2011-06-01,3,64,242,26.4
2011-06-01,4,56,242,23.1
2011-06-01,5,81,242,33.5
2011-06-01,6,23,242,9.5
2011-07-01,0,188,188,100.0
2011-07-01,1,34,188,18.1
2011-07-01,2,39,188,20.7
2011-07-01,3,42,188,22.3
2011-07-01,4,51,188,27.1
2011-07-01,5,21,188,11.2
2011-08-01,0,169,169,100.0
2011-08-01,1,35,169,20.7
2011-08-01,2,42,169,24.9
2011-08-01,3,41,169,24.3
2011-08-01,4,21,169,12.4
2011-09-01,0,299,299,100.0
2011-09-01,1,70,299,23.4
2011-09-01,2,90,299,30.1
2011-09-01,3,34,299,11.4
2011-10-01,0,358,358,100.0
2011-10-01,1,86,358,24.0
2011-10-01,2,41,358,11.5
2011-11-01,0,323,323,100.0
2011-11-01,1,36,323,11.1
2011-12-01,0,41,41,100.0
